Column1,average_speed,max_speed,average_heartrate,max_heartrate,distance,elapsed_time,moving_time,total_elevation_gain,elev_high,type,start_date_local,kudos_count
0,3.142,5.3,,,11443.2,1:03:50,1:00:42,73,115,Run,2020-01-18T12:00:36,12
1,3.41,7.4,,,9486,0:48:51,0:46:22,36.1,96.9,Run,2020-01-17T19:00:58,13
2,3.273,4,,,8854.8,0:45:32,0:45:05,16,117.2,Run,2020-01-13T18:37:29,3
3,3.259,4,,,7717.5,0:39:35,0:39:28,10,131.6,Run,2020-01-10T18:36:52,2
4,3.222,4,,,7659.5,0:41:33,0:39:37,12,107.4,Run,2020-01-08T18:37:24,17
5,2.927,4,,,9693.5,0:57:51,0:55:12,87,110.4,Run,2020-01-06T12:47:23,18
6,3.082,3.7,,,9656.1,1:00:58,0:52:13,53,95.4,Run,2020-01-05T13:34:19,20
7,3.181,5,158.3,166,8960.2,0:46:57,0:46:57,249,107.8,Run,2020-01-04T10:59:50,27
8,2.727,3.8,127.4,140,1848.8,0:16:25,0:11:18,41,226,Run,2020-01-04T10:34:54,11
9,3.254,5,,,7982.2,0:42:20,0:40:53,2,136.6,Run,2020-01-03T18:11:25,17
10,3.032,4.1,,,9518,0:55:29,0:52:19,172,651.8,Run,2020-01-01T10:07:55,17
11,2.108,4.4,,,1486.3,0:15:00,0:11:45,26,667.2,Run,2019-12-31T17:35:53,11
12,1.913,4.6,,,13684.4,2:04:42,1:59:13,911,1436.4,Run,2019-12-31T09:13:34,16
13,4.951,5.5,,,15695.8,0:55:09,0:52:50,244,764.6,Run,2019-12-30T12:23:57,15
14,1.51,4.7,,,18884,4:42:24,3:28:24,440,1000.4,Run,2019-12-29T10:49:10,16
15,2.662,3.8,,,5329.9,0:35:53,0:33:22,165,681,Run,2019-12-28T16:32:31,7
16,1.584,5.2,107,133,11602,2:28:38,2:02:03,172,955,Run,2019-12-28T11:04:28,17
17,2.922,6.1,,,5168.7,0:31:59,0:29:29,107,671.2,Run,2019-12-27T16:11:12,10
18,2.687,4.5,,,9006.5,1:01:18,0:55:52,252,451.6,Run,2019-12-27T08:50:25,14
19,2.962,3.8,,,5787.9,0:32:47,0:32:34,13,139.4,Run,2019-12-26T09:39:25,9
20,3.087,3.7,,,8588.3,0:56:27,0:46:22,19,139,Run,2019-12-25T18:57:52,10
21,2.904,5.1,,,9096.6,0:52:55,0:52:12,32,71.8,Run,2019-12-24T15:28:16,8
22,2.782,3.6,,,4784.5,0:32:51,0:28:40,25,128.2,Run,2019-12-22T13:39:55,2
23,3,5,,,16246,1:38:26,1:30:15,117,127.4,Run,2019-12-21T13:05:03,10
24,3.092,5.9,132.8,169,9708,0:52:38,0:52:20,22,102.6,Run,2019-12-20T18:57:47,6
25,3.596,7.8,,,13744.8,1:04:25,1:03:42,57.7,96.8,Run,2019-12-19T19:47:26,6
26,3.037,4.2,,,9684.7,0:54:23,0:53:09,29,45.2,Run,2019-12-18T18:45:09,3
27,3.041,4.5,,,5792.9,0:54:43,0:31:45,11,76.6,Run,2019-12-15T10:42:40,11
28,2.284,3,,,440.9,0:04:11,0:03:13,0,101.2,Run,2019-12-14T11:27:40,7
29,3.482,5.3,,,10097.3,0:48:20,0:48:20,224,113.2,Run,2019-12-14T10:37:13,16
30,2.554,4.3,,,2941.8,0:22:45,0:19:12,59,122.8,Run,2019-12-14T10:04:52,11
31,3.185,6.1,,,6437.2,0:40:38,0:33:41,7,94,Run,2019-12-13T17:04:41,6
32,3.583,6.9,,,11687.3,0:54:37,0:54:22,26,98.2,Run,2019-12-11T19:44:30,10
33,1.358,2.4,,,3000.1,0:36:50,0:36:50,0,-8.2,Run,2019-12-10T18:39:59,6
34,2.992,3.8,,,5804,0:35:15,0:32:20,7,109.8,Run,2019-12-09T18:56:12,6
35,2.899,3.9,,,11918.8,1:15:26,1:08:31,33,98.2,Run,2019-12-08T11:13:15,13
36,3.087,4.3,,,8955.1,0:51:24,0:48:21,66,163.2,Run,2019-12-07T10:58:49,12
37,3.18,5.3,142.5,173,9682.5,0:50:51,0:50:45,14,129.8,Run,2019-12-06T17:36:56,11
38,3.182,4.6,137.2,155,9321.8,0:48:50,0:48:50,13,106.6,Run,2019-12-05T18:45:36,12
39,2.98,5.6,134.6,165,8879.7,0:51:10,0:49:40,9,95,Run,2019-12-03T18:05:06,11
40,1.802,4.8,,,5329.7,0:54:14,0:49:17,459,546,Run,2019-12-01T10:30:35,11
41,2.862,3.6,,,2017.8,0:11:45,0:11:45,43,477.4,Run,2019-11-30T13:52:03,7
42,3.391,5.8,,,2621.4,0:12:53,0:12:53,9,856.2,Run,2019-11-30T13:33:11,10
43,2.786,4.4,,,1351.4,0:10:01,0:08:05,19,918.6,Run,2019-11-30T13:18:20,7
44,2.072,4.4,,,3359.5,0:27:01,0:27:01,465,923.2,Run,2019-11-30T12:29:30,9
45,3.318,4.9,,,7647.8,0:39:08,0:38:25,56,110,Run,2019-11-28T12:07:41,7
46,1.37,2.3,118.7,127,3092.1,0:37:37,0:37:37,0,144.4,Run,2019-11-26T19:02:17,9
47,3.393,4.3,,,9685.7,0:47:58,0:47:35,7,90.8,Run,2019-11-25T19:38:42,9
48,1.283,5.3,,,11095.4,3:04:59,2:24:06,702,947.4,Hike,2019-11-23T10:31:54,14
49,3.406,4.2,,,9019.9,0:45:23,0:44:08,33,75.8,Run,2019-11-20T19:19:17,9
50,3.263,4.8,,,6473.5,0:36:27,0:33:04,9,79.6,Run,2019-11-19T18:36:33,6
51,2.035,4.8,135.2,158,9342.8,1:21:20,1:16:31,674,1001.4,Run,2019-11-17T08:45:09,20
52,2.301,5.8,,,11904.3,1:28:47,1:26:13,799,941.2,Run,2019-11-16T12:34:53,16
53,2.979,3.9,,,8394.1,0:49:38,0:46:58,33,88.8,Run,2019-11-14T18:15:43,7
54,3.366,6,,,7680.6,0:41:05,0:38:02,7,94.6,Run,2019-11-12T18:34:28,5
55,3.212,4.9,,,10043.4,0:52:55,0:52:07,89,100.4,Run,2019-11-10T15:06:51,11
56,3.19,4.2,,,7704,0:46:34,0:40:15,8,90,Run,2019-11-09T16:35:35,9
57,3.243,4.6,,,8676,0:48:45,0:44:35,152,117.2,Run,2019-11-08T17:49:35,10
58,3.129,5.4,,,6930.7,0:43:25,0:36:55,11,42.2,Run,2019-11-07T17:09:06,6
59,3.086,4.8,144,157,9076.5,0:49:01,0:49:01,179,987.8,Run,2019-11-03T09:20:39,17
60,1.241,22.3,,,2323.1,0:41:10,0:31:12,99,349.6,Hike,2019-11-02T15:22:18,9
61,3.061,4.5,143.4,157,7235.4,0:40:28,0:39:24,143,1037.4,Run,2019-11-02T09:10:20,12
62,3.445,7.8,,,11836.5,1:05:35,0:57:16,178,970.4,Run,2019-11-01T16:12:12,16
63,1.222,3.1,,,6327,2:22:35,1:26:19,292,1062.4,Hike,2019-11-01T10:46:13,13
64,3.396,5.2,,,9055.9,0:50:02,0:44:27,37,35.2,Run,2019-10-29T18:33:08,9
65,3.305,4.2,,,2158.3,0:10:58,0:10:53,2,29.8,Run,2019-10-28T18:18:38,3
66,3.038,4.2,,,12510.6,1:37:21,1:08:38,28,80.4,Run,2019-10-27T10:50:32,12
67,2.839,3.7,,,5464.5,0:46:07,0:32:05,18,92,Run,2019-10-26T12:16:09,7
68,3.191,3.8,,,5648.5,0:37:30,0:29:30,6,84.4,Run,2019-10-23T18:47:50,4
69,3.255,5.8,,,10783.3,2:00:05,0:55:13,20,79,Run,2019-10-22T14:29:38,14
72,3.136,4.2,,,6604.7,0:40:13,0:35:06,19,78.6,Run,2019-10-20T09:31:40,10
73,2.967,3.5,,,6008.3,0:36:12,0:33:45,4,64.4,Run,2019-10-17T17:31:46,3
74,1.474,3.3,,,7531.8,1:29:42,1:25:11,466,865.4,Hike,2019-10-14T09:22:56,6
75,1.072,2,,,18605.5,7:27:31,4:49:08,1135,1839.4,Hike,2019-10-13T09:13:37,18
76,1.475,2.4,,,6662.9,2:23:45,1:15:17,202,1093.8,Hike,2019-10-12T14:42:31,8
77,3.16,4.2,,,9840.1,0:54:05,0:51:54,35,103.2,Run,2019-10-08T16:59:51,8
79,2.742,4.8,76,76,7320,0:46:18,0:44:30,175,114.4,Run,2019-10-05T09:23:09,13
80,3.096,3.7,,,6742.3,0:37:16,0:36:18,46,97.2,Run,2019-10-04T18:36:32,9
81,3.054,4.1,,,8606.4,0:49:10,0:46:58,49,65,Run,2019-10-03T18:26:59,10
82,3.121,5,,,6317.3,0:35:57,0:33:44,29,119.8,Run,2019-10-02T08:06:44,5
83,2.483,4.2,,,5412.4,0:38:04,0:36:20,221,130.2,Run,2019-09-29T10:02:48,14
84,3.058,3.5,,,7448.3,0:43:12,0:40:36,14,128.8,Run,2019-09-26T18:34:17,11
85,3.247,4,,,10790.1,0:56:15,0:55:23,47,121.6,Run,2019-09-24T18:32:44,14
86,3.205,4,,,5984.6,0:32:37,0:31:07,11,82.6,Run,2019-09-19T18:10:20,4
90,3.132,3.6,,,3754.8,0:21:37,0:19:59,3,213,Run,2019-09-16T18:47:08,7
94,2.961,4,,,4992.9,0:30:17,0:28:06,57,121.8,Run,2019-09-07T18:00:00,12
96,1.314,7.2,,,57045.2,12:03:45,12:03:23,3230,2104.2,Run,2019-08-28T21:21:13,13
97,1.72,5.1,,,92685.4,16:50:32,14:58:14,5512,2551,Run,2019-08-28T04:01:22,32
98,2.89,6.3,,,5163.8,0:34:47,0:29:47,62,1228,Run,2019-08-26T12:10:33,6
99,3.252,4.7,,,5177.3,0:33:56,0:26:32,70,1194.8,Run,2019-08-25T15:00:15,10
100,2.971,5.2,,,6648.8,0:53:24,0:37:18,180,1164,Run,2019-08-24T13:40:27,10
101,3.032,4.4,,,5966.8,0:34:22,0:32:48,87,1185.8,Run,2019-08-23T18:12:31,8
102,1.247,3.8,,,5128.9,1:33:37,1:08:32,511,1715.2,Run,2019-08-21T10:20:39,6
103,2.061,4.6,,,8826.7,1:12:16,1:11:22,621,1701.2,Run,2019-08-20T10:22:46,21
104,2.822,3.4,,,931.3,0:05:32,0:05:30,2,125.8,Run,2019-08-19T10:38:08,5
105,3.186,4.5,,,8232.7,0:47:28,0:43:04,35,119.2,Run,2019-08-18T12:18:00,10
106,2.997,3.9,,,7701.8,0:47:43,0:42:50,74,101.4,Run,2019-08-17T11:48:13,10
107,3.103,4.1,140.1,154,14605.5,1:19:43,1:18:27,111,109.4,Run,2019-08-15T11:27:15,8
108,1.189,3.6,,,4617.1,1:04:46,1:04:44,8,123.8,Run,2019-08-13T06:15:52,1
110,3.256,4.8,143.3,166,11750.2,1:01:03,1:00:09,79,104,Run,2019-08-10T17:29:46,18
111,3.216,6.2,,,8185.6,0:45:46,0:42:25,8,94.6,Run,2019-08-09T19:41:50,7
113,0.738,3.3,,,2590.3,0:58:31,0:58:31,0,86.2,Run,2019-08-08T06:56:33,3
117,3.279,4.3,,,10067.8,0:54:54,0:51:10,21,101,Run,2019-08-07T12:45:21,8
118,3.003,3.7,,,1630.9,0:09:03,0:09:03,3,87.4,Run,2019-08-06T14:22:23,10
119,3.158,3.8,,,7033.9,0:42:12,0:37:07,23,97.4,Run,2019-08-06T12:55:06,13
120,3.281,5.5,151.7,176,19162.1,1:40:28,1:37:20,116,107.8,Run,2019-08-04T13:28:51,8
121,3.004,4.1,,,10100.8,1:21:43,0:56:02,28,83.4,Run,2019-08-03T15:25:16,10
122,2.921,5.1,,,7996.7,0:47:16,0:45:38,75,117.2,Run,2019-08-02T17:09:03,10
123,3.162,4,,,6501.2,0:39:15,0:34:16,4,74,Run,2019-08-02T12:34:24,7
127,3.28,4.4,,,8921.2,0:46:49,0:45:20,60,122.4,Run,2019-07-27T10:38:15,4
133,0.612,1.3,,,1675,0:49:12,0:45:37,0,,Swim,2019-07-23T19:03:18,17
134,3.301,6,,,9403.9,0:48:48,0:47:29,18,94.2,Run,2019-07-22T19:30:46,9
136,3.309,4.6,,,10508.8,1:04:58,0:52:56,82,117,Run,2019-07-20T11:01:12,6
137,3.315,5.8,,,6152.1,0:33:31,0:30:56,13,101.4,Run,2019-07-19T19:44:08,4
139,3.369,4.8,,,10438.7,0:52:31,0:51:38,12,110.4,Run,2019-07-18T16:51:28,8
140,2.858,5.4,,,7071.7,0:45:06,0:41:14,68,115.2,Run,2019-07-17T18:26:22,5
141,3.21,3.8,,,6619.5,0:37:20,0:34:22,6,102.4,Run,2019-07-16T20:00:56,3
142,3.224,4.4,,,10727.9,0:57:53,0:55:28,199,140.6,Run,2019-07-15T12:15:39,14
143,2.784,3.2,,,456.6,0:02:44,0:02:44,0,131.8,Run,2019-07-14T12:45:36,4
144,2.868,7,,,9184.9,1:03:28,0:53:23,261,152.8,Run,2019-07-13T09:16:59,9
145,1.869,4.9,,,5675.3,1:03:31,0:50:36,76,105.8,Run,2019-07-10T19:05:16,1
146,1.504,4.1,,,6449.5,1:14:57,1:11:29,109,131.8,Run,2019-07-09T06:20:41,4
147,2.479,3.6,,,1031.3,0:09:09,0:06:56,25,32.6,Run,2019-07-09T06:06:22,2
148,3.162,4,,,11942,1:03:21,1:02:57,103,94.2,Run,2019-07-07T12:18:55,3
150,3.108,4.1,,,10636.3,1:01:28,0:57:02,95,122.8,Run,2019-07-06T15:12:13,7
152,2.644,4.1,,,6320.7,0:39:57,0:39:51,240,120.2,Run,2019-07-03T18:45:02,5
153,3.313,4,,,9059,0:59:31,0:45:34,36,118.4,Run,2019-07-02T18:21:02,4
154,3.481,4.6,,,10184.3,0:50:40,0:48:46,7,96.8,Run,2019-07-01T19:21:34,6
155,3.075,4,,,8181.9,0:44:51,0:44:21,14,104.4,Run,2019-06-30T19:56:29,7
156,3.329,3.9,,,8241.5,0:44:33,0:41:16,18,99.4,Run,2019-06-28T18:40:19,5
157,3.031,4.1,,,6908.7,1:00:16,0:37:59,12,140.4,Run,2019-06-27T18:04:15,4
158,1.042,1.9,,,6837.9,2:13:05,1:49:20,295,1193.6,Hike,2019-06-22T16:42:52,2
159,1.979,4.6,,,20656,3:12:23,2:53:57,1262,1824,Run,2019-06-21T16:03:20,14
160,3.291,4.4,,,5650.8,0:34:54,0:28:37,4,86.6,Run,2019-06-18T16:29:15,6
163,3.133,4,,,9087.5,0:48:45,0:48:21,57,119.4,Run,2019-06-15T17:32:25,4
164,2.997,7.4,132.8,142,6971.9,0:38:54,0:38:46,12,105.8,Run,2019-06-14T17:31:11,7
166,1.804,3.7,,,3810.9,0:40:36,0:35:13,50,1369.6,Run,2019-06-08T20:49:49,5
167,1.489,15.1,,,80687.3,15:03:19,13:38:04,5194,1994.2,Run,2019-06-08T05:00:47,29
168,3.23,4.2,,,5923.3,0:31:13,0:30:34,6,89.4,Run,2019-06-05T17:35:51,2
169,2.874,4.1,,,8549.5,1:45:53,0:49:35,33,74,Run,2019-06-04T18:00:49,6
170,3.097,4.6,,,8415.6,0:48:16,0:45:17,9,49.2,Run,2019-05-31T18:08:48,6
171,3.472,5.1,,,21358.4,1:49:23,1:42:32,50,43,Run,2019-05-30T18:23:03,8
172,3.454,9.7,145.3,180,11801.3,0:58:30,0:56:57,10,64.8,Run,2019-05-29T19:18:29,7
173,2.805,11.8,,,8601.5,0:59:52,0:51:06,8,302.4,Run,2019-05-28T06:13:59,7
174,3.076,5.9,,,7266,0:40:07,0:39:22,22,103,Run,2019-05-26T16:08:42,6
177,2.884,3.7,,,3567.5,0:33:37,0:20:37,43,56.4,Run,2019-05-23T17:46:50,0
178,3.109,4.2,,,14533.3,1:25:52,1:17:54,255,133.2,Run,2019-05-22T18:08:33,10
179,3.161,4.4,,,7356.2,0:43:38,0:38:47,48,110.8,Run,2019-05-21T08:31:41,6
180,2.434,5.8,,,6503.2,0:52:46,0:44:32,433.5,905.9,Run,2019-05-19T10:04:32,8
181,2.487,5,,,9999.1,1:10:14,1:07:00,515.5,906,Run,2019-05-19T08:48:36,17
182,1.689,2.3,,,846.2,0:08:21,0:08:21,98,563,Run,2019-05-19T08:39:10,6
183,1.178,2.2,,,12344.7,4:05:29,2:54:43,573,952.4,Hike,2019-05-18T09:16:18,18
184,1.609,4.2,,,5563.3,1:02:20,0:57:38,14,141,Run,2019-05-17T06:02:26,3
185,3.642,4.7,,,12995.5,1:00:43,0:59:28,48,111,Run,2019-05-16T19:12:41,9
186,3.055,4.6,,,7123.3,0:41:24,0:38:52,5,113.8,Run,2019-05-15T18:32:35,8
187,3.215,5.4,,,5016,0:26:00,0:26:00,198,123,Run,2019-05-14T19:01:43,13
188,2.623,3.8,,,1696.8,0:34:13,0:10:47,19,91.6,Run,2019-05-14T18:21:24,7
189,3.39,3.8,,,1101.8,0:13:52,0:05:25,1,100.8,Run,2019-05-12T13:48:53,3
190,2.89,4.5,,,15007,1:26:33,1:26:33,395,116,Run,2019-05-12T12:08:44,15
192,3.34,8.4,,,14144.4,1:36:29,1:10:35,58,123.2,Run,2019-05-11T14:29:31,10
193,3.225,4.9,,,12541.4,1:06:43,1:04:49,37.6,116.4,Run,2019-05-10T17:32:51,10
194,3.338,5.1,,,6615.8,0:33:51,0:33:02,17.6,96.9,Run,2019-05-09T16:38:00,7
195,3.292,5.2,,,11891,1:06:33,1:00:12,69.4,117.3,Run,2019-05-08T18:35:21,9
196,3.037,4.4,,,7903.2,0:43:50,0:43:22,8,107,Run,2019-05-07T17:31:25,5
197,2.693,7.6,,,7387.7,0:48:59,0:45:43,4916,2427.2,Run,2019-05-05T12:02:34,16
199,3.041,4.6,,,7901.6,0:53:15,0:43:18,19401,12600.6,Run,2019-05-04T08:57:20,13
200,2.052,4.5,,,7689.5,1:08:47,1:02:28,547,1280.4,Run,2019-05-03T10:08:04,12
201,3.022,4.1,,,4254.7,0:24:12,0:23:28,79,858.2,Run,2019-05-02T18:44:56,6
202,1.033,3.2,,,12412.4,5:15:01,3:20:14,827,1483.2,Hike,2019-05-02T13:23:53,13
203,1.256,9.6,,,9171.6,2:16:47,2:01:44,528,1063,Hike,2019-04-26T12:49:54,11
204,2.272,3.9,,,7004.1,0:57:42,0:51:23,321,931.6,Run,2019-04-14T08:35:13,12
205,3.273,5.8,,,22543.7,1:54:48,1:54:10,17469,12604.6,Run,2019-04-13T11:16:43,19
206,1.743,4.9,,,6233.7,1:01:54,0:59:36,23,108,Run,2019-04-10T06:03:19,9
207,2.987,3.9,,,3634.6,0:20:52,0:20:17,1,96.4,Run,2019-04-09T18:40:59,8
208,3.009,4.1,127.1,143,4929.5,"2 days, 6:26:01",0:27:18,2,106,Run,2019-04-07T12:14:27,10
209,4.567,1.6,107.2,120,292.3,0:21:38,0:01:04,8,114.8,Run,2019-04-06T12:42:27,2
210,4.313,5.3,173.6,182,10015.5,0:38:42,0:38:42,33,95.8,Run,2019-04-06T12:00:37,10
211,2.813,6.1,131,161,4683.6,0:47:25,0:27:45,18,113.2,Run,2019-04-06T11:06:28,5
212,3.026,6.1,,,5368.8,0:30:32,0:29:34,14,97.4,Run,2019-04-05T17:36:32,3
213,3.311,6.3,,,9835.8,0:52:56,0:49:31,11,97,Run,2019-04-04T18:32:38,9
215,3.304,4.5,,,9055.3,"1 day, 1:11:23",0:45:41,71,114,Run,2019-04-02T17:19:47,12
216,3.225,3.9,,,4831.4,0:26:16,0:24:58,7,148.6,Run,2019-03-31T10:02:51,10
217,3.578,5.5,,,10994.2,1:02:43,0:51:13,17,84.6,Run,2019-03-30T11:58:17,11
218,3.604,6.7,,,9284.5,1:02:58,0:42:56,19,81.8,Run,2019-03-29T16:28:03,10
219,3.156,3.7,,,6738.8,0:35:53,0:35:35,18,87.2,Run,2019-03-28T18:23:11,8
220,2.904,4.8,,,6771.4,0:39:01,0:38:52,4,99,Run,2019-03-27T18:57:39,9
221,3.644,5.8,,,12662.7,0:58:19,0:57:55,16,115.6,Run,2019-03-26T18:51:05,9
222,2.957,4.3,73.3,74,10864.3,1:02:03,1:01:14,428,123.8,Run,2019-03-24T12:07:59,15
224,3.77,4.9,,,12337,0:54:59,0:54:32,0,9150,Run,2019-03-22T18:03:21,8
225,3.253,3.9,,,5962.6,0:32:34,0:30:33,10,94.8,Run,2019-03-20T11:40:49,5
226,1.197,5.3,,,3866.9,0:54:54,0:53:51,192,119.8,Run,2019-03-20T06:07:26,5
227,3.394,4.3,,,9016.7,0:47:51,0:44:17,14656,12605.6,Run,2019-03-19T18:50:51,8
228,3.443,4,,,7764.1,0:37:49,0:37:35,5,83,Run,2019-03-18T18:34:40,4
229,2.349,4.7,,,2619.1,0:19:50,0:18:35,155,638.6,Run,2019-03-16T11:14:23,8
230,2.125,5.8,,,6435.4,1:19:53,0:50:28,542,914.6,Run,2019-03-16T09:40:33,14
231,1.487,5.6,,,21820.4,4:33:01,4:04:32,18957,12604.6,Run,2019-03-15T10:21:22,22
232,3.196,5.2,,,7666.8,0:45:20,0:39:59,47,503.2,Run,2019-03-13T16:36:38,11
233,3.451,6.3,,,21783.7,1:50:15,1:45:13,5302,5176.4,Run,2019-03-10T16:51:20,9
234,3.185,3.8,138.9,154,1375.9,0:07:16,0:07:12,24,98.8,Run,2019-03-09T12:16:48,5
235,3.056,3.8,145.1,165,1182.6,0:06:27,0:06:27,4,74,Run,2019-03-09T12:09:04,3
236,4.505,5.7,168.5,182,5149.7,0:19:03,0:19:03,12,80.4,Run,2019-03-09T11:49:30,9
237,3.229,4.1,129.2,150,3919.7,0:23:10,0:20:14,9,80.6,Run,2019-03-09T11:25:43,6
238,3.14,4.2,,,7457.5,0:44:09,0:39:35,33,138.8,Run,2019-03-08T11:36:22,8
239,3.41,5.3,,,8641.8,0:42:21,0:42:14,0,3130.6,Run,2019-03-07T18:46:38,5
240,3.202,3.9,,,7557.4,0:42:11,0:39:20,9,64.4,Run,2019-03-06T19:18:44,6
241,3.619,5.5,,,11878.2,0:54:42,0:54:42,22,99,Run,2019-03-05T19:16:33,7
242,3.406,4.4,,,6229,0:33:23,0:30:29,17,99.4,Run,2019-03-04T11:34:42,11
243,3.469,4.6,,,12701,1:08:22,1:01:01,62,254.8,Run,2019-03-03T09:18:07,11
244,3.365,4.5,,,8660.5,0:55:10,0:42:54,47,252.2,Run,2019-03-02T19:09:02,6
245,3.353,6,,,6712.2,0:33:48,0:33:22,21,211.6,Run,2019-03-01T18:30:18,8
246,1.606,5.1,,,5870,1:03:43,1:00:56,19,342.4,Run,2019-02-28T06:08:48,5
247,3.167,0,,,3800,0:20:00,0:20:00,0,,Run,2019-02-27T20:21:52,2
248,2.333,5.8,,,9062.7,1:04:44,1:04:44,0,132.4,Run,2019-02-27T16:29:56,4
249,1.933,0,,,5800,0:50:00,0:50:00,0,,Run,2019-02-26T18:50:00,3
250,1.667,0,,,3100,0:31:00,0:31:00,0,,Run,2019-02-25T18:31:46,0
251,3.303,4.4,,,19547,1:47:40,1:38:38,108,112.6,Run,2019-02-24T10:20:25,9
252,2.604,3.3,,,697.8,0:04:51,0:04:28,6,103.4,Run,2019-02-23T11:41:08,6
253,3.874,5.6,,,9274.9,0:39:54,0:39:54,254,114.2,Run,2019-02-23T10:59:59,15
254,2.984,3.7,,,2435.3,0:15:39,0:13:36,61,102.2,Run,2019-02-23T10:37:24,6
255,3.191,4.9,,,6634.2,0:34:49,0:34:39,7,36.8,Run,2019-02-22T21:01:15,3
256,3.363,4.7,,,8780.5,0:46:37,0:43:31,9,107.4,Run,2019-02-21T18:19:29,6
257,3.685,6.8,,,13018.8,1:04:03,0:58:53,102,155.4,Run,2019-02-19T17:41:52,12
258,3.276,3.8,,,6666.9,0:34:11,0:33:55,17,102,Run,2019-02-18T18:04:19,7
259,3.641,4.9,,,8665.6,0:40:43,0:39:40,65,91.4,Run,2019-02-16T11:41:42,13
260,3.14,4.1,,,1231,0:06:32,0:06:32,1,-125.4,Run,2019-02-13T19:27:48,7
261,1.486,2.9,,,2819.6,0:31:38,0:31:38,0,-71.4,Run,2019-02-13T18:50:58,10
262,3.248,4.3,,,1367.6,0:07:05,0:07:01,0,-129.2,Run,2019-02-13T18:37:34,9
263,3.612,6,,,10896.2,0:50:19,0:50:17,2739,2335.8,Run,2019-02-12T18:46:21,14
264,3.378,3.9,,,6445.1,0:36:36,0:31:48,11,180,Run,2019-02-11T18:29:42,7
265,3.076,4,,,16363.4,1:34:59,1:28:40,231,78.6,Run,2019-02-10T10:35:16,16
266,3.369,5.6,,,9655.5,0:47:56,0:47:46,243,69.6,Run,2019-02-09T11:57:56,14
267,3.168,5.7,,,7375.2,0:39:47,0:38:48,6,33.6,Run,2019-02-08T18:39:30,6
268,3.266,3.8,,,1286.7,0:06:34,0:06:34,2,-39.4,Run,2019-02-07T19:50:05,8
269,2.085,2.8,,,4861.4,0:38:52,0:38:52,0,-1.6,Run,2019-02-07T19:03:13,8
270,3.213,4.8,,,1365.4,0:07:11,0:07:05,4,-36.2,Run,2019-02-07T18:48:25,7
271,3.648,5.1,,,10288.3,0:47:17,0:47:00,8,10,Run,2019-02-06T17:54:11,10
272,2.409,19.4,,,9838.9,1:10:42,1:08:05,16,16.4,Run,2019-02-05T06:24:43,12
273,1.978,4.9,,,8964.4,1:19:53,1:15:32,644,792.6,Run,2019-02-03T09:00:50,18
274,2.176,4.6,,,10754.2,1:29:27,1:22:22,670,914.2,Run,2019-02-02T12:17:05,17
275,2.573,5,,,7105.2,0:48:34,0:46:01,470,913.2,Run,2019-02-01T15:52:11,9
276,1.253,2.8,,,6888.7,2:40:08,1:31:37,469,949,Hike,2019-02-01T12:21:32,10
277,3.503,5.2,137.2,153,14531,1:14:35,1:09:08,46,101.2,Run,2019-01-30T19:28:52,14
278,3.442,4.1,,,6371.2,0:31:24,0:30:51,8,98,Run,2019-01-29T17:55:56,7
279,3.06,4,,,8059.8,0:52:54,0:43:54,7,84.2,Run,2019-01-28T18:16:15,10
280,2.895,3.6,,,16116.2,1:36:47,1:32:47,276,131.2,Run,2019-01-27T13:42:32,9
281,2.782,5.7,,,467.4,0:05:01,0:02:48,3,92.8,Run,2019-01-26T11:46:47,6
282,3.533,5.4,,,9250.4,0:43:38,0:43:38,257,104.6,Run,2019-01-26T11:00:02,14
283,2.635,3.9,,,3077.1,0:19:40,0:19:28,70,175,Run,2019-01-26T10:32:42,7
284,3.159,5.4,,,10360,0:55:07,0:54:40,11,94,Run,2019-01-25T18:05:46,8
285,3.341,3.9,,,9682.5,0:52:24,0:48:18,16,116.6,Run,2019-01-24T18:55:02,5
286,3.252,5.2,,,5791.9,0:29:43,0:29:41,7,185.8,Run,2019-01-23T08:23:43,6
287,3.309,4.2,,,1373.1,0:07:23,0:06:55,0,98.2,Run,2019-01-21T17:49:16,8
288,1.833,0,,,3300,0:30:00,0:30:00,0,,Run,2019-01-21T17:27:27,9
289,3.284,4.1,,,817.6,0:04:37,0:04:09,2.5,98.2,Run,2019-01-21T16:40:33,6
290,3.265,5.6,,,15590,1:28:28,1:19:35,204,122.4,Run,2019-01-20T10:11:09,13
291,3.462,4.2,138.1,159,10662.9,0:55:19,0:51:20,16,93.6,Run,2019-01-19T15:33:12,13
292,3.336,4,,,12032.7,1:01:24,1:00:07,26,61.6,Run,2019-01-18T15:33:47,10
293,3.222,3.9,,,6717.1,0:35:05,0:34:45,5,78,Run,2019-01-16T18:48:50,5
294,3.174,3.8,,,5742.6,0:31:01,0:30:09,13,84.8,Run,2019-01-15T17:02:55,4
295,3.05,4.1,,,16258.6,1:28:35,1:28:51,248,189,Run,2019-01-13T10:16:07,15
296,2.517,3.1,,,337.3,0:02:14,0:02:14,2,92.6,Run,2019-01-12T11:45:20,8
297,3.496,5.6,,,9024.2,0:43:01,0:43:01,246,104.2,Run,2019-01-12T10:59:58,13
298,2.77,3.5,,,2227.1,0:18:19,0:13:24,49,120.2,Run,2019-01-12T10:33:14,9
299,3.04,4.7,,,6620.6,0:42:00,0:36:18,10,84.2,Run,2019-01-11T18:32:03,11
300,3.146,3.9,,,7436,0:39:28,0:39:24,81,70.4,Run,2019-01-10T18:01:40,10
301,2.63,0,,,7100,0:45:00,0:45:00,0,,Run,2019-01-09T19:07:17,10
302,2.978,3.8,,,4350.8,0:33:09,0:24:21,23,104,Run,2019-01-08T06:24:37,11
303,2.896,3.7,129.7,153,17015,1:38:50,1:37:55,332,75.6,Run,2019-01-06T09:55:50,24
304,3.173,3.9,,,9812.6,0:51:37,0:51:33,86,103.6,Run,2019-01-05T13:32:45,11
305,3.197,5.5,,,8301.7,0:43:26,0:43:17,16,148.2,Run,2019-01-04T18:29:38,10
306,3.228,4,,,1184.5,0:08:17,0:06:07,0,98.1,Run,2019-01-03T19:50:02,8
307,2.04,0,,,4900,0:40:02,0:40:02,0,,Run,2019-01-03T19:39:11,13
308,3.328,4.1,,,1304.5,0:06:44,0:06:32,4.9,98.6,Run,2019-01-03T18:48:16,8
309,3.242,5.1,,,5748,0:33:01,0:29:33,49.4,174.8,Run,2019-01-02T11:08:15,16
310,3.195,5,,,11071.7,0:58:04,0:57:45,110.5,181.1,Run,2019-01-01T12:30:09,13
311,3.653,0,,,9000,0:41:04,0:41:04,0,,Run,2018-12-31T13:26:00,8
312,3.12,5.4,141.7,171,9795.8,0:59:06,0:52:20,460,204.4,Run,2018-12-28T11:02:35,18
313,3.462,4.7,,,8832.1,0:44:55,0:42:31,29,51.4,Run,2018-12-27T09:08:08,10
314,3.282,4.3,,,7880.1,0:42:03,0:40:01,40,47.4,Run,2018-12-25T14:14:09,7
315,3.167,4.4,,,7303.9,0:52:50,0:38:26,351,196.2,Run,2018-12-23T13:18:37,15
316,3.281,4.4,,,7635.9,0:43:40,0:38:47,835,256.4,Run,2018-12-22T08:39:11,14
317,3.268,3.7,,,5548.7,0:29:54,0:28:18,3,4.6,Run,2018-12-20T12:05:05,6
318,3.223,6.1,,,4673.1,0:29:26,0:24:10,30,27.8,Run,2018-12-17T08:30:13,8
319,3.48,4.2,,,7311.4,0:39:04,0:35:01,9,8,Run,2018-12-16T12:34:45,7
320,3.366,4.1,,,9351,1:05:01,0:46:18,8,7.8,Run,2018-12-16T10:35:37,7
321,3.405,3.7,130,140,1559.4,0:07:46,0:07:38,1,80.4,Run,2018-12-14T19:00:16,4
322,3.56,5.5,137.2,169,3325,0:16:50,0:15:34,3,82.4,Run,2018-12-14T18:43:13,5
323,3.307,3.8,120.6,130,3360.1,0:16:56,0:16:56,2,81.2,Run,2018-12-14T18:25:41,4
324,3.122,3.6,,,1283.3,0:07:23,0:06:51,1,102.2,Run,2018-12-13T19:15:03,5
325,1.66,1.9,,,2730.8,0:27:25,0:27:25,0,88.8,Run,2018-12-13T18:41:17,5
326,3.081,4,,,1374.1,0:07:29,0:07:26,2,82,Run,2018-12-13T18:18:03,5
327,3.634,5.7,,,10072.1,0:46:34,0:46:12,11,95,Run,2018-12-12T18:45:45,8
328,3.361,6,,,9035,0:46:35,0:44:48,6,36.2,Run,2018-12-11T17:05:19,5
329,3.269,3.9,,,11688.4,1:01:00,0:59:35,36,61.2,Run,2018-12-10T18:24:27,14
330,3.127,4.5,131.9,170,1326,0:07:41,0:07:04,2,75.2,Run,2018-12-09T12:06:21,6
331,4.164,5.1,164.8,181,5063.1,0:20:28,0:20:16,3,75.8,Run,2018-12-09T11:45:40,9
332,3.197,3.7,132.1,143,2883.6,0:15:38,0:15:02,2,85.8,Run,2018-12-09T11:29:22,8
333,3.246,4.5,,,10690.3,0:57:40,0:54:53,88,158,Run,2018-12-08T09:02:32,13
334,3.498,4.7,,,7297.2,0:35:41,0:34:46,18,75.8,Run,2018-12-06T19:01:41,8
335,3.407,3.8,,,1277.6,0:06:36,0:06:15,0,5.6,Run,2018-12-05T19:09:47,6
336,2.355,3.4,,,6199.4,0:43:53,0:43:53,0,36.8,Run,2018-12-05T18:21:28,9
337,3.331,4,,,1365.8,0:06:54,0:06:50,2,11.2,Run,2018-12-05T18:06:07,8
338,3.576,4.5,142.2,160,8843.1,0:43:02,0:41:13,29,135.4,Run,2018-12-03T18:40:27,15
339,2.495,4.2,,,11740.1,1:23:40,1:18:25,550,924,Run,2018-12-02T08:37:09,20
340,2.512,5,,,10290.6,1:13:01,1:08:16,591,1093.4,Run,2018-12-01T14:59:25,19
341,3.472,4.1,,,10103.6,0:49:17,0:48:30,27,122.8,Run,2018-11-29T18:43:49,11
342,2.865,4,,,6143,0:37:03,0:35:44,186,146.6,Run,2018-11-28T18:55:12,10
343,3.257,7.1,,,6448.9,0:37:57,0:33:00,5,166.8,Run,2018-11-27T21:07:18,10
344,3.225,5.5,,,6820.1,0:37:44,0:35:15,44,228.8,Run,2018-11-25T09:31:11,16
345,1.675,6.8,,,41518.4,6:55:11,6:53:02,3956,1058.8,Run,2018-11-17T03:57:52,32
346,3.476,14.4,,,7502.1,0:37:51,0:35:58,10,76.8,Run,2018-11-14T19:07:03,7
347,3.423,5,,,7739.7,0:39:10,0:37:41,10,99.2,Run,2018-11-13T18:54:45,5
348,3.372,5,,,9498.4,0:49:22,0:46:57,63,98.8,Run,2018-11-12T09:12:54,9
349,3.676,5.1,,,1367.5,0:06:12,0:06:12,1,140.4,Run,2018-11-10T19:20:10,7
350,1.457,2,,,1970.8,0:22:33,0:22:33,0,141.8,Run,2018-11-10T18:53:12,7
351,3.348,5.3,,,1369.5,0:06:59,0:06:49,1,139.8,Run,2018-11-10T18:39:32,8
352,3.3,4.1,,,9290.2,0:58:19,0:46:55,27,97,Run,2018-11-09T12:11:27,5
353,3.288,4.3,,,6931.8,0:35:27,0:35:08,4,106.8,Run,2018-11-07T18:46:38,9
354,3.332,4.3,,,11669,1:03:20,0:58:22,37,114.6,Run,2018-11-06T13:17:36,9
356,3.381,4,,,5933,0:29:47,0:29:15,12,43.2,Run,2018-11-03T17:59:56,6
357,3.306,3.8,,,10180.1,1:01:55,0:51:19,22,103,Run,2018-11-02T10:25:18,8
358,2.083,3.3,,,1006,0:10:56,0:08:03,2,106.8,Run,2018-11-01T11:46:09,3
359,3.75,5.2,,,13596.6,1:03:11,1:00:26,38,83.8,Run,2018-10-31T17:52:48,11
360,3.619,6.2,,,7643.7,0:35:26,0:35:12,4,118.4,Run,2018-10-30T18:36:56,8
361,3.295,4.6,,,6455.6,0:32:57,0:32:39,5,103.8,Run,2018-10-28T17:50:42,7
362,3.139,3.7,130.5,146,12305.1,1:17:59,1:05:20,29,155.6,Run,2018-10-27T11:54:50,12
363,3.509,5.5,,,6259.4,0:30:02,0:29:44,32,130.2,Run,2018-10-26T18:29:23,9
364,3.52,6.3,,,8429.3,0:40:05,0:39:55,28,147.8,Run,2018-10-25T18:34:55,11
365,3.641,4.8,,,13004.4,1:00:28,0:59:32,54,131.6,Run,2018-10-24T18:23:14,13
366,2.807,4.1,128.2,151,7746.1,0:47:51,0:46:00,241,117.6,Run,2018-10-22T14:06:49,14
367,3.054,4,,,6989.5,0:45:32,0:38:09,99,110.8,Run,2018-10-21T12:24:04,15
368,3.327,4,,,6749.7,0:35:18,0:33:49,32,128.2,Run,2018-10-20T12:14:00,9
369,3.274,4.4,,,7320.5,0:39:55,0:37:16,36,130.2,Run,2018-10-19T16:22:42,9
370,3.196,4.5,,,12184,1:10:44,1:03:32,65,135.8,Run,2018-10-18T11:34:30,10
371,3.019,4.7,,,8165.7,0:46:34,0:45:05,187,123.6,Run,2018-10-17T10:50:53,10
372,3.338,4.2,,,9293.4,0:47:16,0:46:24,43,144.2,Run,2018-10-15T13:21:51,15
373,2.987,5.1,,,12497.1,1:23:51,1:09:44,185,135.8,Run,2018-10-14T09:50:11,9
374,3.056,4.2,,,10508,0:59:13,0:57:18,215,125.2,Run,2018-10-13T12:46:36,11
375,3.26,4.4,,,4685.3,0:33:48,0:23:57,24,129.4,Run,2018-10-11T11:42:07,12
376,2.767,4.8,,,7067.6,0:56:28,0:42:34,54,134,Run,2018-10-10T17:25:57,11
377,3.324,4.1,,,7811,0:40:04,0:39:10,62,100.6,Run,2018-10-07T16:47:52,13
378,2.971,4,,,8084.7,0:52:51,0:45:21,11,86.6,Run,2018-10-02T10:31:51,10
379,2.839,4.4,124.2,143,8225.9,2:03:52,0:48:17,50,27.8,Run,2018-09-30T12:04:07,9
380,3.169,6,,,6405.3,0:38:02,0:33:41,37,62.4,Run,2018-09-29T17:19:34,11
381,3.273,4,,,14286.7,1:35:16,1:12:45,48,85.4,Run,2018-09-28T11:34:11,10
382,2.993,3.6,131.1,146,6476.1,0:37:18,0:36:04,7,85.8,Run,2018-09-27T18:13:45,5
383,3.601,5.4,,,10965.5,0:51:14,0:50:45,16,107.8,Run,2018-09-26T18:16:13,7
384,3.575,4.1,,,8408.6,0:41:10,0:39:12,24,91.6,Run,2018-09-25T19:15:02,6
385,3.35,4.3,,,12265.1,1:11:40,1:01:01,39,97,Run,2018-09-19T17:15:06,9
386,3.092,4.1,129.5,145,6007.3,0:35:30,0:32:23,4,92.4,Run,2018-09-17T18:19:00,7
387,3.346,4.9,146.1,165,13844.8,1:12:37,1:08:58,31,81.6,Run,2018-09-16T11:04:50,13
388,3.484,4.3,,,12044.9,0:58:35,0:57:37,51,110,Run,2018-09-15T18:00:15,6
389,3.009,5.7,136.4,168,11159.5,1:10:27,1:01:49,41,109.2,Run,2018-09-14T18:16:24,8
390,3.267,4.3,140,159,9310.7,0:52:52,0:47:30,30,100.8,Run,2018-09-12T17:42:46,12
391,3.327,5,153,153,5030.3,0:25:12,0:25:12,166,121.4,Run,2018-09-11T19:01:12,23
392,3.009,4.4,157.1,170,2704.7,0:16:15,0:14:59,7,105.6,Run,2018-09-11T18:27:37,8
393,3.175,0,,,4000,0:21:00,0:21:00,0,,Run,2018-09-09T12:35:18,12
394,1.735,4.5,,,6722.4,1:22:32,1:04:35,218,279.2,Run,2018-09-08T19:39:17,9
395,3.254,4.3,,,8109.9,0:48:26,0:41:32,5,95.6,Run,2018-09-07T18:31:12,3
396,3.29,4.5,133.4,150,5520.7,0:29:43,0:27:58,15,95.8,Run,2018-09-06T17:38:26,7
397,3.003,4.2,130.7,148,6367.4,0:36:49,0:35:20,3,85.6,Run,2018-09-05T18:44:42,5
398,2.97,4.3,,,7733.9,0:47:28,0:43:24,84,102.6,Run,2018-09-04T18:17:58,8
399,2.942,4.6,,,7120.3,0:40:45,0:40:20,45,114,Run,2018-09-02T11:00:03,13
400,2.763,3.6,,,1564,0:22:21,0:09:26,4,76.2,Run,2018-09-02T10:32:24,8
401,2.619,4.3,,,9598.3,1:02:16,1:01:05,63,106.2,Run,2018-09-01T14:13:37,12
402,3.244,5.5,138,150,9799.7,0:53:27,0:50:21,9,101.6,Run,2018-08-29T18:28:08,7
403,2.86,3.9,131.8,156,6956.4,0:43:38,0:40:32,3,74,Run,2018-08-28T17:51:16,11
404,3.375,4.2,143.6,164,6312,0:39:42,0:31:10,11,81.8,Run,2018-08-27T18:30:30,11
405,3.446,4.8,,,10049,0:49:18,0:48:36,76,107.8,Run,2018-08-26T08:58:55,10
406,3.148,4.4,,,8674.8,0:47:42,0:45:56,64,104,Run,2018-08-25T12:53:40,5
407,2.776,3.9,119.5,138,6688.4,0:51:02,0:40:09,4,98.6,Run,2018-08-22T18:15:09,7
408,3.273,5.3,,,5034.2,0:25:38,0:25:38,185,125,Run,2018-08-21T19:02:27,21
409,2.934,3.5,,,1643,0:16:03,0:09:20,9,117.4,Run,2018-08-21T18:33:42,8
410,3.166,4.2,,,6281.1,0:34:26,0:33:04,28,131,Run,2018-08-20T18:36:00,10
411,2.329,4.3,,,7384.6,0:59:20,0:52:51,265,1101.8,Run,2018-08-15T10:09:51,14
412,2.759,5.7,,,20522.8,2:03:58,2:03:58,996,1182.4,Run,2018-08-11T10:45:04,21
413,3.599,6.3,,,9784.5,0:47:17,0:45:19,16,121.6,Run,2018-08-09T18:17:27,6
414,3.496,4.4,,,7281.3,0:34:43,0:34:43,8,124,Run,2018-08-07T18:19:00,9
415,2.95,3.7,,,2469.2,0:17:45,0:13:57,4,147.2,Run,2018-08-07T10:23:10,7
416,3.279,5.9,,,7136,0:38:57,0:36:16,58,133.6,Run,2018-08-05T10:22:51,12
417,3.095,4.3,151.7,166,12090.4,1:09:34,1:05:06,20,113.2,Run,2018-08-04T09:50:13,11
418,2.871,6.6,,,7080.4,0:43:33,0:41:06,58,120.8,Run,2018-08-03T18:38:38,12
419,2.68,11.5,,,7856.6,0:54:35,0:48:52,24.4,95,Run,2018-08-01T18:32:21,9
420,2.108,3.6,,,1536.9,0:13:05,0:12:09,2.8,95,Run,2018-08-01T18:17:27,6
421,3.301,5.7,,,8289.5,0:43:40,0:41:51,14,121,Run,2018-07-31T18:12:50,8
422,2.04,5.2,,,5847.8,0:49:20,0:47:47,400,1026.4,Run,2018-07-25T17:01:00,9
423,1.697,4.7,,,6881.3,1:09:54,1:07:36,300,859,Run,2018-07-24T18:29:25,16
424,2.729,3.8,,,6708.4,0:46:13,0:40:58,65,593.8,Run,2018-07-24T10:47:31,10
425,2.662,4.6,,,5923.4,0:38:07,0:37:05,202,693.4,Run,2018-07-23T18:03:38,9
426,2.145,5.4,,,1773.8,0:14:38,0:13:47,107,676.6,Run,2018-07-23T10:26:05,8
427,2.228,4.7,,,6437.8,0:55:55,0:48:10,344,943.6,Run,2018-07-22T15:25:14,14
428,3.483,6.8,,,9182.3,0:46:47,0:43:56,4,94,Run,2018-07-20T17:50:51,7
429,3.425,4.8,,,9415.9,0:47:06,0:45:49,119,108.2,Run,2018-07-19T19:03:49,17
430,3.726,5.2,,,10200.7,0:46:50,0:45:38,5,107.2,Run,2018-07-17T18:19:59,10
431,2.831,4.7,,,10249.3,1:05:39,1:00:20,28,98.8,Run,2018-07-15T10:47:41,11
432,3.021,4,,,4670.6,0:28:08,0:25:46,5,102.8,Run,2018-07-14T08:41:22,7
433,3.338,4.1,,,5466.9,0:27:18,0:27:18,3,85.6,Run,2018-07-13T20:39:34,9
434,3.568,4.2,,,8414,0:39:43,0:39:18,14,102.2,Run,2018-07-12T18:17:58,7
435,3.151,4,,,6579.7,0:39:50,0:34:48,9,90,Run,2018-07-11T12:56:04,10
436,3.423,4.4,,,7551.1,0:37:32,0:36:46,7,94,Run,2018-07-10T18:11:26,9
437,2.159,4.1,,,7615.4,1:06:16,0:58:47,249,408.6,Run,2018-07-08T12:14:23,5
438,1.639,4.8,,,4477,0:54:27,0:45:32,183,394.6,Run,2018-07-07T14:10:56,4
439,3.45,4.9,,,5629.9,0:27:24,0:27:12,24,110,Run,2018-07-05T18:42:05,1
440,3.333,0,,,5600,0:28:00,0:28:00,0,,Run,2018-07-05T18:32:00,6
441,3.1,5,,,5272.9,0:31:13,0:28:21,15.7,95,Run,2018-07-03T11:51:44,12
442,3.253,4,,,5712.1,0:29:28,0:29:16,25,106.2,Run,2018-07-02T19:10:17,12
443,3.098,5.6,,,11266.5,1:01:42,1:00:37,84.4,90.9,Run,2018-07-01T09:21:16,12
444,3.027,5.4,87.3,150,4023.5,"1 day, 18:28:17",0:22:09,21,82.6,Run,2018-06-30T11:45:43,3
445,3.333,0,,,7400,0:37:00,0:37:00,0,,Run,2018-06-29T20:37:19,10
446,3.162,5.1,,,7117.3,0:43:52,0:37:31,20,103.6,Run,2018-06-29T19:07:33,0
447,3.342,5.4,,,11006.7,0:56:11,0:54:53,86,118.2,Run,2018-06-28T18:12:22,11
448,2.845,3.8,,,5501.6,0:34:09,0:32:14,6,91.8,Run,2018-06-27T12:25:02,15
449,3.234,4,,,7670.5,0:39:44,0:39:32,28,107,Run,2018-06-26T17:59:54,12
450,3.327,5.1,,,8245.1,0:41:28,0:41:18,51,127.6,Run,2018-06-25T18:53:45,14
451,3.097,4.8,,,9781.6,0:57:54,0:52:38,227,107,Run,2018-06-17T12:04:21,16
452,3.274,4.1,,,6534.7,0:35:21,0:33:16,43,104.6,Run,2018-06-16T18:26:42,11
453,3.372,4,,,8165.8,0:40:31,0:40:22,36,107.8,Run,2018-06-15T16:20:29,15
454,3.437,5.4,,,11015,0:54:25,0:53:25,87,132.8,Run,2018-06-14T09:32:03,15
455,3.178,5.6,,,7663.1,0:40:45,0:40:11,50,103,Run,2018-06-12T09:08:16,11
456,3.157,5.4,,,7634.6,0:41:30,0:40:18,69,98.2,Run,2018-06-10T19:14:47,18
457,3.324,3.9,,,6651.3,0:36:11,0:33:21,21,104.4,Run,2018-06-07T17:26:08,8
458,3.04,5.2,,,4998.3,0:27:24,0:27:24,176,118.2,Run,2018-06-05T19:01:09,26
459,3.294,4.4,,,8672.4,0:43:57,0:43:53,56,101.4,Run,2018-06-04T18:43:30,16
460,3.22,5.3,,,10730.7,1:41:03,0:55:32,87,121.4,Run,2018-06-03T19:14:06,13
461,2.648,8.1,124,124,4496.8,0:28:24,0:28:18,38,91.4,Run,2018-06-02T12:39:29,8
462,3.231,4,,,10153.9,0:53:09,0:52:23,76,113,Run,2018-06-01T20:09:05,12
463,3.261,4.3,,,8474.3,0:43:19,0:43:19,37,105.4,Run,2018-05-31T19:43:29,8
464,3.323,4.1,,,8621.9,0:44:00,0:43:15,61,110.2,Run,2018-05-29T18:20:31,13
465,3.193,4.8,,,5501.5,0:30:21,0:28:43,115,314.4,Run,2018-05-27T08:28:53,6
466,3.314,5.2,153.8,171,6166.6,0:31:01,0:31:01,28,99.8,Run,2018-05-23T09:52:07,12
467,3.392,4.3,,,9048.6,0:46:54,0:44:28,51,110,Run,2018-05-20T16:01:17,18
468,3.251,4,,,5026.7,0:25:57,0:25:46,14,89.6,Run,2018-05-18T16:37:29,11
469,3.264,5.3,,,5876,0:31:02,0:30:00,24,107.2,Run,2018-05-17T18:28:28,15
470,3.265,4.2,,,7058.1,0:36:19,0:36:02,44,110.4,Run,2018-05-15T10:59:47,13
471,3.252,4.5,,,6289.9,0:32:27,0:32:14,61,107.8,Run,2018-05-14T11:01:52,11
472,3.197,4,,,6000.4,0:31:43,0:31:17,32,101.4,Run,2018-05-10T10:36:51,13
473,3.212,3.8,,,6747.7,0:35:13,0:35:01,40,102.2,Run,2018-05-08T17:00:13,13
474,3.194,3.7,,,4976.5,0:26:11,0:25:58,22,100.6,Run,2018-05-05T20:03:52,13
475,3.079,4.9,,,5357.3,0:29:00,0:29:00,26,92.8,Run,2018-05-04T16:45:04,9
476,2.794,3.9,,,4569,0:28:32,0:27:15,102,415.6,Run,2018-05-03T08:10:16,10
477,2.335,4.4,,,3120,0:22:45,0:22:16,146,442.6,Run,2018-05-02T17:49:43,9
478,2.905,4.3,,,5537.3,0:33:09,0:31:46,90,419.6,Run,2018-05-01T16:01:02,12
479,2.196,3.7,,,4700.3,0:37:21,0:35:40,70,95.6,Run,2018-04-29T10:59:03,9
480,0.793,1.3,,,625,0:14:01,0:13:08,0,,Swim,2018-04-27T20:49:46,9
481,3.012,3.8,,,5701.1,0:33:14,0:31:33,28,100.4,Run,2018-04-26T17:41:49,10
482,3.03,3.7,,,5192.6,0:30:02,0:28:34,27,98.8,Run,2018-04-25T16:35:39,11
483,2.061,4.7,,,3647.9,0:36:12,0:29:30,202,607.8,Run,2018-04-21T16:56:43,10
484,3.153,4,,,5568.6,0:29:26,0:29:26,26,120.8,Run,2018-04-16T13:37:22,13
485,2.8,3.3,,,6145.1,0:36:53,0:36:35,33,100.2,Run,2018-04-14T17:33:22,14
486,2.906,3.9,,,4856.6,0:29:59,0:27:51,23,60.2,Run,2018-04-13T09:46:19,11
487,2.82,3.5,,,4477.5,0:26:28,0:26:28,16,110,Run,2018-04-11T16:12:12,9
488,3.196,6.1,148.4,180,8572.6,0:45:39,0:44:42,42,106.6,Run,2018-04-10T16:54:40,15
489,0.748,2.5,,,1050,0:25:25,0:23:24,0,,Swim,2017-12-14T20:00:19,10
490,1.621,4.5,,,6142.3,1:10:02,1:03:09,54,111.6,Run,2017-11-22T19:30:34,7
491,1.908,16.9,,,10385.7,2:16:27,1:30:43,332,783.8,Run,2017-11-12T07:36:02,11
492,1.475,3.8,,,20516.4,5:29:00,3:51:47,1007,827,Run,2017-11-11T08:01:05,18
494,0.417,0,,,750,0:30:00,0:30:00,0,,Swim,2017-10-29T19:00:00,9
495,2.744,4.4,,,7516.5,0:54:37,0:45:39,15,94.4,Run,2017-10-27T18:55:44,6
496,3.054,3.5,,,1239.8,0:06:46,0:06:46,0,-11,Run,2017-10-25T08:11:32,3
497,2.985,3.9,,,8970.2,1:07:55,0:50:05,27,99.6,Run,2017-10-21T10:57:52,10
503,2.983,3.6,,,7254.7,1:18:53,0:40:32,28,183.2,Run,2017-10-15T10:02:24,7
505,2.891,3.9,,,2440,0:26:28,0:14:04,6,35.4,Run,2017-10-13T08:41:54,6
506,2.726,5.2,,,4742.4,0:37:06,0:29:00,8,84.2,Run,2017-10-11T18:48:59,5
507,2.578,4.1,,,5251.5,0:51:38,0:33:57,5,102,Run,2017-10-10T06:09:57,1
508,2.817,4.4,,,6589,0:44:34,0:38:59,108,141.8,Run,2017-10-07T09:30:33,11
509,2.421,6.6,,,7139.9,1:01:46,0:49:09,111,120,Run,2017-10-04T19:02:33,11
510,3.411,5.2,151.2,185,10092.4,0:51:19,0:49:19,43,92.4,Run,2017-10-01T18:45:46,10
511,2.263,3.1,,,5200.4,0:44:56,0:38:18,157,83.8,Run,2017-09-27T19:16:16,11
512,2.861,4.3,,,7077.1,0:42:48,0:41:14,46,71.4,Run,2017-09-26T06:41:07,3
513,2.914,3.8,,,9796.8,1:24:34,0:56:02,65,111.8,Run,2017-09-24T12:58:46,2
514,2.997,8.9,,,6396.2,0:41:58,0:35:34,43,29.2,Run,2017-09-23T18:14:52,1
517,3.061,5.4,,,8741.2,0:56:12,0:47:36,69,95.4,Run,2017-09-17T08:41:22,11
518,5.174,20,,,13515,1:32:21,0:43:32,80,61.8,Run,2017-09-16T06:39:41,4
519,2.6,3.8,,,5787.7,0:56:54,0:37:06,8,103.6,Run,2017-09-13T06:22:15,10
520,0.487,1.8,,,10905.2,6:25:54,6:12:59,1170,2292.6,Run,2017-09-09T07:55:17,6
521,0.684,2.6,,,15934.1,8:29:55,6:28:18,1380,2089.4,Run,2017-09-08T09:27:02,4
523,2.819,4.1,,,10885.4,1:06:30,1:04:21,246,151.8,Run,2017-09-02T11:44:54,14
524,2.481,4.7,,,7077,1:01:08,0:47:33,155,146.2,Run,2017-08-30T19:01:13,4
525,2.896,3.9,,,9831,1:02:52,0:56:35,73,163.4,Run,2017-08-27T12:04:38,14
526,3.179,29.2,,,12243.2,1:35:46,1:04:11,84,121,Run,2017-08-26T10:30:44,12
527,1.875,5.6,,,24705.7,9:33:51,3:39:36,1379.6,1961.2,Run,2017-08-19T06:02:31,7
528,2.444,4.4,,,6206.7,0:50:37,0:42:20,5,78.6,Run,2017-08-17T06:18:59,12
529,2.471,4.7,,,7202.4,0:57:53,0:48:35,5,94.4,Run,2017-08-16T19:08:49,6
533,2.081,5.2,,,7021.7,1:03:17,0:56:14,195,119.6,Run,2017-08-08T19:09:36,4
537,3.212,4.9,,,8178.9,0:46:05,0:42:26,57,133.6,Run,2017-08-06T08:39:23,11
538,2.78,5.4,,,6150,0:40:57,0:36:52,32,141,Run,2017-08-05T06:46:08,4
539,1.828,5.3,,,4316.4,0:51:24,0:39:21,123,132.2,Run,2017-08-04T09:37:15,1
540,2.506,4.1,,,5217.8,1:02:36,0:34:42,42,125.2,Run,2017-08-02T06:02:57,0
541,3.088,3.7,,,5163.8,0:30:30,0:27:52,8,95.6,Run,2017-08-01T20:35:27,9
545,3.214,4.1,,,6350.7,0:34:38,0:32:56,12,124.8,Run,2017-07-27T07:10:04,0
546,0.686,3.2,,,8336.2,4:13:07,3:22:39,1101,2924.4,Run,2017-07-25T07:54:08,0
547,2.117,2.5,,,122.8,0:00:58,0:00:58,0,340,Run,2017-07-22T20:13:16,0
548,2.888,4.2,,,7060.2,0:50:10,0:40:45,149,505.2,Run,2017-07-21T17:22:58,0
549,2.397,4.3,,,5666.8,1:02:21,0:39:24,11,272.6,Run,2017-07-20T06:03:24,9
550,2.789,5.1,,,9404.1,1:05:46,0:56:12,31,213,Run,2017-07-19T19:04:39,6
551,2.44,5.8,,,5873.1,1:03:06,0:40:07,78,198.8,Run,2017-07-18T19:20:42,2
555,1.753,5.3,,,5362.8,1:43:08,0:51:00,125,134.8,Run,2017-07-16T13:51:23,9
556,2.757,5,,,8732.9,0:55:11,0:52:48,160,143.4,Run,2017-07-15T12:36:32,6
557,3.794,6.3,,,12121.8,0:54:40,0:53:15,26,111.6,Run,2017-07-13T11:14:08,1
558,2.281,5.2,,,6523.7,1:04:18,0:47:40,81,144.8,Run,2017-07-12T19:04:52,8
559,2.662,4.9,,,5727.9,"1 day, 0:01:33",0:35:52,8,150.6,Run,2017-07-11T19:02:56,7
560,1.41,4.3,,,23060.2,4:59:26,4:32:32,1395,2075.6,Run,2017-07-08T08:34:02,3
563,2.542,16.5,,,9206.2,1:33:13,1:00:21,30,108.4,Run,2017-07-05T19:08:00,1
564,2.348,3.9,,,3987.6,0:51:08,0:28:18,5,24.2,Run,2017-07-05T06:03:56,1
565,1.78,8.2,,,103107,17:23:37,16:05:34,6630,1640.8,Run,2017-07-01T06:00:11,13
566,2.104,4.8,,,5528.3,0:53:22,0:43:48,191,620.4,Run,2017-06-30T18:22:04,2
567,1.963,4,,,5660.2,1:04:34,0:48:04,71,173.2,Run,2017-06-28T19:03:52,6
568,2.874,4,,,6598.3,0:38:46,0:38:16,32,112.4,Run,2017-06-27T07:40:08,1
569,3.369,4.4,,,9046.5,0:49:46,0:44:45,95,170.4,Run,2017-06-25T09:24:27,2
570,3.22,5.3,,,9563.6,0:52:30,0:49:30,82,157,Run,2017-06-24T09:16:17,1
574,2.544,3.8,,,666.5,0:14:09,0:04:22,0,132,Run,2017-06-21T20:24:21,0
575,3.54,6.8,162.4,178,4849.9,0:23:11,0:22:50,14,125,Run,2017-06-21T19:26:31,0
576,2.92,5.4,129.3,158,2403.3,0:21:59,0:13:43,1,122,Run,2017-06-21T18:54:13,0
577,3.065,4.6,143.1,162,12641.1,1:11:04,1:08:45,173,124.2,Run,2017-06-20T06:44:37,0
583,2.902,5.6,,,2330.2,0:23:40,0:13:23,29,147.4,Run,2017-06-19T06:37:43,0
585,3.37,5,,,8656.3,0:45:02,0:42:49,24,89.8,Run,2017-06-18T09:05:09,0
587,3.213,5.4,,,8225.7,0:48:00,0:42:40,9,110.2,Run,2017-06-14T19:07:57,6
588,1.744,0,,,20400,3:15:00,3:15:00,995,,Walk,2017-06-13T08:00:00,13
589,1.809,0,,,20400,3:08:00,3:08:00,1064,,Hike,2017-06-12T07:30:00,2
590,2.24,15.7,,,29177.3,5:49:03,3:37:07,1636,1703,Run,2017-06-10T10:27:15,2
591,2.96,3.6,,,1329.2,0:09:37,0:07:29,1,710.2,Run,2017-06-10T10:16:54,1
592,1.667,3.5,,,8902.6,1:46:33,1:29:02,703,1710.4,Run,2017-06-09T17:11:25,1
593,2.666,4,,,421.3,0:02:38,0:02:38,2,123.2,Run,2017-06-07T20:04:27,6
594,2.946,3.5,,,5751.1,0:38:57,0:32:32,27,118.6,Run,2017-06-07T19:07:58,8
595,2.915,4,,,8032,0:47:39,0:45:55,72,97.4,Run,2017-06-07T06:23:48,4
596,2.605,3.1,,,713.7,0:04:46,0:04:34,8,107.2,Run,2017-06-06T19:38:49,3
597,3.11,4.9,,,5097.7,0:27:19,0:27:19,199,110.4,Run,2017-06-06T19:04:22,3
598,2.26,4,,,980.7,0:15:51,0:07:14,23,169.2,Run,2017-06-06T18:40:13,3
599,0.566,1.2,,,1075,0:31:59,0:31:38,0,,Swim,2017-06-05T16:50:41,2
600,2.881,3.4,,,1973.5,0:11:25,0:11:25,2,177.8,Run,2017-06-04T12:21:19,1
601,3.357,5.2,,,4196.5,0:21:18,0:20:50,69,196.6,Run,2017-06-04T11:43:02,2
602,2.758,6.2,,,2451.9,0:25:39,0:14:49,7,244.6,Run,2017-06-04T11:11:53,2
603,3.437,6,,,3148.1,0:15:34,0:15:16,55,199.8,Run,2017-06-03T14:53:07,1
604,2.707,4,,,1542.9,0:15:43,0:09:30,16,147.6,Run,2017-06-03T14:13:52,2
607,3.404,6,,,5044.5,0:32:29,0:24:42,8,92.8,Run,2017-06-02T07:13:23,11
609,2.4,2.8,,,480,0:03:30,0:03:20,2,120,Run,2017-05-31T20:06:04,2
610,2.799,7.1,,,3408.7,0:27:21,0:20:18,90,220,Run,2017-05-31T19:24:11,2
611,3.087,4.4,,,8301.5,0:52:37,0:44:49,74,156,Run,2017-05-31T06:39:33,2
613,2.768,4.3,,,3572.9,0:21:31,0:21:31,0,205.2,Run,2017-05-30T06:05:00,1
614,1.896,4,,,3633.9,0:35:21,0:31:57,209,489.2,Run,2017-05-29T07:04:01,1
615,2.203,4.5,,,7680.2,1:14:59,0:58:07,428,478.6,Run,2017-05-28T18:12:10,1
616,1.987,5.3,,,6573.2,0:57:40,0:55:08,382,564,Run,2017-05-21T10:05:02,5
617,2.049,6,,,4998.6,0:40:39,0:38:28,249,506.4,Run,2017-05-20T16:05:02,5
618,2.497,4,,,878.8,0:05:52,0:05:52,33,318.8,Run,2017-05-20T15:41:51,2
619,3.408,5,,,3156.2,0:15:58,0:15:26,43,314.2,Run,2017-05-20T11:28:00,4
620,2.604,3.9,,,1031.1,0:11:32,0:06:36,0,324.6,Run,2017-05-20T11:10:02,1
623,2.571,4.7,,,7251.6,0:55:47,0:47:00,24,144.6,Run,2017-05-18T06:03:24,11
624,3.416,5.2,,,8092.2,0:43:35,0:39:29,30,141,Run,2017-05-17T19:16:22,5
625,3.296,5.4,134.5,182,5180.6,0:27:45,0:26:12,183,125.6,Run,2017-05-16T19:06:00,9
626,2.838,3.7,128.9,139,1589.3,0:16:25,0:09:20,6,110.2,Run,2017-05-16T18:38:11,3
627,3.392,5.7,150.3,170,10216.1,0:53:17,0:50:12,75,54.8,Run,2017-05-15T15:14:09,7
628,3.209,4.4,,,15995,1:25:45,1:23:05,253,105.8,Run,2017-05-13T11:30:08,8
629,2.268,4.7,,,7625.2,0:59:43,0:56:02,478,922.2,Run,2017-05-10T10:33:08,1
630,2.428,4.8,,,3836.1,0:31:48,0:26:20,465,12604.2,Run,2017-05-09T20:02:31,0
631,2.346,4.9,,,7988.1,1:06:44,0:56:45,464,911.2,Run,2017-05-08T12:55:47,8
632,3.047,3.8,,,8212.2,0:47:23,0:44:55,41,104,Run,2017-05-07T07:49:23,10
633,2.089,4.3,,,8966.6,1:21:49,1:11:33,177,149.4,Run,2017-05-06T06:03:36,5
636,3.281,5.4,141.9,169,8398.1,0:43:37,0:42:40,32,97.4,Run,2017-05-05T12:24:27,8
637,1.715,4.6,,,7584.7,1:19:52,1:13:43,677,1249,Run,2017-05-03T10:23:52,15
638,1.919,3,,,3365.6,0:29:34,0:29:14,444,905.2,Run,2017-05-02T11:27:58,1
639,0.784,0,,,4000,1:25:00,1:25:00,0,,Run,2017-05-02T08:40:00,1
640,1.343,5.2,,,16533.7,4:08:06,3:25:12,1607,1655.6,Run,2017-05-01T10:28:49,2
641,2.383,5.4,,,19218.1,2:28:47,2:14:25,1064,917.4,Run,2017-04-30T13:18:39,0
642,3.266,5.5,,,12814.8,1:17:37,1:05:24,77,109.8,Run,2017-04-29T14:53:38,12
643,2.523,5.2,,,7699.2,0:52:59,0:50:52,98,141,Run,2017-04-25T06:04:41,11
644,2.89,5.6,144.8,175,6892.2,1:06:39,0:39:45,17,192.8,Run,2017-04-23T07:49:50,6
646,3.656,4.6,,,7502.5,0:41:15,0:34:12,1,97.4,Run,2017-04-20T18:37:53,3
648,2.602,5,,,5214.4,0:49:25,0:33:24,164,132.2,Run,2017-04-19T19:17:21,6
649,3.504,5.3,,,10112.2,0:50:11,0:48:06,13,42,Run,2017-04-18T18:24:11,6
651,3.035,0,,,12200,1:07:00,1:07:00,200,,Run,2017-04-16T23:00:00,2
652,3.047,4.3,,,12259.6,1:13:04,1:07:04,198,151.6,Run,2017-04-16T10:35:14,2
656,3.014,3.8,127.4,142,8276.7,0:56:28,0:45:46,38,104.2,Run,2017-04-13T19:26:57,7
660,3.178,6,,,5914.3,0:39:29,0:31:01,205,121.4,Run,2017-04-11T19:03:39,2
662,2.282,0,,,16500,2:00:30,2:00:30,700,,Run,2017-04-08T21:30:00,12
663,2.546,4.8,,,6181.8,0:44:37,0:40:28,203,151,Run,2017-04-05T19:02:09,2
664,2.814,4.4,,,8104.1,0:59:56,0:48:00,18,97,Run,2017-04-04T18:40:10,4
667,4.972,4.5,,,15103.5,4:12:21,0:50:38,5,120.4,Run,2017-04-04T06:01:20,0
668,3.347,4.3,141.4,152,19838.9,1:45:59,1:38:48,71,105,Run,2017-04-02T11:38:08,10
669,3.359,4.5,140.8,170,15403.6,1:40:01,1:16:26,47,95.4,Run,2017-04-01T08:18:29,5
671,2.18,4,,,5562,0:52:26,0:42:31,57,117,Run,2017-03-29T19:03:09,5
673,3.18,4.2,,,5390,0:35:02,0:28:15,18,92.2,Run,2017-03-28T18:52:09,0
674,3.181,4,,,7389.8,1:13:05,0:38:43,28,164.8,Run,2017-03-27T17:52:39,6
675,2.218,3,,,1038.2,0:10:12,0:07:48,9,237.2,Run,2017-03-26T10:42:54,3
676,3.509,4.9,,,3905.1,0:18:33,0:18:17,25,238.2,Run,2017-03-26T10:17:48,5
677,2.765,5.5,,,1988.2,0:24:52,0:11:59,8,202.4,Run,2017-03-26T09:46:29,3
678,2.595,3.8,,,1632.5,0:10:29,0:10:29,41,301.6,Run,2017-03-25T13:34:01,2
679,1.973,4.5,,,5804.8,0:49:53,0:49:02,276,346,Run,2017-03-25T12:33:53,2
680,2.72,4.5,,,1931.5,0:21:33,0:11:50,30,279.8,Run,2017-03-25T12:05:42,1
681,2.214,2.9,,,1253.3,0:10:39,0:09:26,0,222.4,Run,2017-03-24T17:08:02,1
682,3.399,6,,,3711.4,0:18:12,0:17:56,55,221.4,Run,2017-03-24T16:46:00,1
683,2.743,6.4,,,3774.3,0:32:57,0:22:56,0,151.2,Run,2017-03-24T16:03:19,1
684,2.355,4.4,,,5392.6,0:44:25,0:38:10,172,72.8,Run,2017-03-22T19:01:28,6
685,3.09,4.7,,,15816.3,1:33:54,1:25:19,83,113.6,Run,2017-03-19T09:21:10,7
686,2.221,2.8,139.7,146,1081.8,0:13:42,0:08:07,2,86.8,Run,2017-03-18T11:43:32,1
687,3.597,5.7,168.3,186,9104.8,0:42:11,0:42:11,240,105.2,Run,2017-03-18T11:00:15,6
688,3.111,4,134.9,146,2096.6,0:15:30,0:11:14,5,76.6,Run,2017-03-18T10:35:14,1
690,3.24,7.3,,,7896.6,0:45:01,0:40:37,5,96.2,Run,2017-03-16T18:36:09,3
693,2.309,3.8,,,1274.5,0:20:59,0:09:12,5,99.8,Run,2017-03-15T20:09:44,2
694,3.527,7.2,,,7205.2,0:36:12,0:34:03,13,98,Run,2017-03-15T19:00:04,4
695,2.948,4,,,2140.6,0:21:44,0:12:06,6,155.6,Run,2017-03-15T18:30:14,2
696,1.901,4,,,1615.8,0:22:49,0:14:10,45,118.6,Run,2017-03-14T06:43:38,1
697,2.445,3.5,,,4857.5,0:41:28,0:33:07,29,120.8,Run,2017-03-14T06:00:59,1
701,0.69,1.8,,,1425,0:35:55,0:34:26,0,,Swim,2017-03-12T12:35:34,3
702,2.966,4.4,,,17391.9,1:41:14,1:37:44,91,103.2,Run,2017-03-11T10:36:04,7
703,3.108,6.7,,,6629.9,0:45:51,0:35:33,2,84.4,Run,2017-03-09T18:38:16,8
706,2.974,4.7,,,8468.1,0:52:58,0:47:27,159,66.8,Run,2017-03-08T19:10:52,2
708,3.366,5.1,,,4652.5,0:23:19,0:23:02,1,100.4,Run,2017-03-07T18:38:40,6
711,2.515,4.3,,,12538.6,1:28:36,1:23:06,97,68.6,Run,2017-03-05T11:07:39,4
712,3.227,5.1,,,8951.5,0:46:14,0:46:14,242,104,Run,2017-03-04T10:44:35,0
713,2.455,2.7,,,211.1,0:01:26,0:01:26,0,87.4,Run,2017-03-04T10:39:37,0
714,1.661,4.2,,,4232.4,2:31:11,0:42:28,383,822.8,Run,2017-03-02T10:59:02,2
715,1.579,5,,,13332.1,2:25:59,2:20:43,837,919.8,Run,2017-03-02T07:50:30,2
716,3.014,4,,,5395.7,0:42:13,0:29:50,7,122.4,Run,2017-03-01T06:01:33,7
718,1.719,3.5,,,1407.7,0:18:00,0:13:39,0,100.2,Run,2017-02-28T17:40:03,0
720,2.832,4.4,,,20376.5,2:23:09,1:59:56,253,101,Run,2017-02-26T11:15:27,1
721,2.95,5.3,146.9,172,3914.5,0:27:48,0:22:07,90,1618.2,Run,2017-02-22T12:08:16,0
722,2.345,3.4,,,1641.6,0:12:09,0:11:40,57,1589.6,Run,2017-02-22T07:17:22,0
723,2.262,4.5,145.3,170,7886.9,1:07:12,0:58:06,374,1645.6,Run,2017-02-21T15:45:36,0
724,2.353,5.2,,,8283.4,1:11:16,0:58:40,366,1756.6,Run,2017-02-20T10:33:47,6
725,1.976,4.8,,,10551.1,2:24:11,1:28:59,496,1741.6,Run,2017-02-19T12:12:13,1
726,2.288,3.2,,,1791.3,0:14:59,0:13:03,44,1569.2,Run,2017-02-19T07:17:34,1
727,2.234,4.3,,,9563.9,1:39:18,1:11:21,434,1567,Run,2017-02-16T10:35:34,0
728,2.629,4,,,1393.4,0:09:19,0:08:50,31,1601.8,Run,2017-02-15T16:07:33,0
729,1.998,4,,,3675.1,0:51:30,0:30:39,345,1581.6,Run,2017-02-15T10:28:08,0
730,2.445,3.7,,,6940.2,1:04:47,0:47:18,260,1626,Run,2017-02-14T15:10:58,0
731,2.735,5.5,,,4985.4,0:56:54,0:30:23,93,23.4,Run,2017-02-11T10:30:33,0
732,0.6,2.3,,,1475,0:42:32,0:40:57,0,,Swim,2017-02-10T20:04:15,9
733,2.218,4.2,,,6129.6,0:48:45,0:46:04,10,30.4,Run,2017-02-08T19:01:59,0
734,1.502,2.3,,,1383.4,0:32:55,0:15:21,3,39,Run,2017-02-07T17:31:15,2
735,0.664,1.5,,,2050,0:57:48,0:51:27,0,,Swim,2017-02-06T19:21:11,7
736,1.937,4.6,,,5875.9,1:01:26,0:50:33,40,105.8,Run,2017-02-05T11:17:07,6
737,3.163,3.6,,,667.4,0:03:35,0:03:31,1,234.4,Run,2017-02-04T13:04:13,4
738,3.046,4.2,,,3493.4,0:29:09,0:19:07,11,233.6,Run,2017-02-04T12:18:51,4
739,1.453,2.3,,,1406.6,1:06:48,0:16:08,0,192.6,Run,2017-02-02T17:29:53,0
740,0.594,0.9,,,925,0:26:53,0:25:58,0,,Swim,2017-02-02T13:09:16,5
741,2.547,6.8,,,5139.4,0:47:48,0:33:38,22,137.6,Run,2017-02-01T19:01:29,4
742,1.682,3.4,,,1977.5,0:41:45,0:19:36,1,141.2,Run,2017-01-31T17:43:37,0
743,0.692,0.9,,,1000,0:27:48,0:24:05,0,,Swim,2017-01-30T13:12:10,7
744,3.233,5,141.3,174,9342,0:48:10,0:48:10,239,109,Run,2017-01-28T10:59:50,5
745,2.857,3.6,133.8,145,1902.5,0:24:36,0:11:06,8,90.2,Run,2017-01-28T10:32:17,4
746,0.624,1.2,,,1125,0:30:55,0:30:04,0,,Swim,2017-01-27T12:19:09,8
747,1.194,3.2,,,2766.2,1:02:32,0:38:36,7,106.8,Run,2017-01-26T17:31:28,4
748,1.937,5.4,137.6,174,4622.8,0:52:39,0:39:47,206,130.2,Run,2017-01-25T19:03:28,9
749,0.581,0.8,,,925,0:27:55,0:26:32,0,,Swim,2017-01-25T13:28:25,8
750,1.288,2.4,,,793.5,0:16:36,0:10:16,1,153.8,Run,2017-01-24T17:40:38,2
751,0.671,1.5,,,1725,0:43:54,0:42:52,0,,Swim,2017-01-23T13:56:29,6
752,2.902,5.1,139.3,158,4201.8,0:41:30,0:24:08,20,96.6,Run,2017-01-22T12:41:14,7
753,0.557,1.2,,,1000,0:31:39,0:29:56,0,,Swim,2017-01-22T08:27:58,3
754,2.555,4,140.6,165,5565.8,0:51:02,0:36:18,120,119.2,Run,2017-01-21T10:32:01,4
755,2.449,4.1,,,7679.5,0:55:51,0:52:16,100,130,Run,2017-01-18T19:01:58,4
756,0.978,3.3,,,442,0:40:58,0:07:32,0,-154.2,Run,2017-01-17T17:44:12,0
757,3.101,4.3,,,6056.6,0:34:54,0:32:33,16,50.2,Run,2017-01-16T15:12:49,5
758,2.053,4.7,,,2930,0:28:39,0:23:47,18,133.2,Run,2017-01-14T18:33:33,7
759,2.756,4,140.5,151,5631.4,1:03:22,0:34:03,32,144.2,Run,2017-01-13T11:55:51,6
760,2.315,3.8,,,6018.5,0:44:43,0:43:20,41,96,Run,2017-01-11T19:41:26,7
761,2.29,3.8,,,916,0:29:37,0:06:40,6,101,Run,2017-01-11T18:06:32,4
762,2.844,5,,,6958.7,0:43:30,0:40:47,100,137.6,Run,2017-01-09T11:07:20,3
763,2.872,3.9,,,5842.6,0:37:51,0:33:54,92,147.8,Run,2017-01-07T13:07:47,3
764,2.845,4.2,,,4524.1,0:30:23,0:26:30,65,83.6,Run,2017-01-06T12:56:09,1
765,2.927,3.5,,,4112,0:33:11,0:23:25,9,329.8,Run,2017-01-04T19:06:25,4
766,2.284,5.5,,,11250,1:33:24,1:22:06,166,958.8,Run,2017-01-01T12:02:09,0
767,2.288,7.3,,,14736.9,2:00:39,1:47:22,162,988.4,Run,2016-12-31T11:25:46,0
768,2.976,4.4,,,291.6,0:21:17,0:01:38,0,965.6,AlpineSki,2016-12-31T11:02:41,0
769,0.706,0.9,,,775,0:29:22,0:18:18,0,,Swim,2016-12-28T13:21:39,6
770,0.865,3.3,,,5865.3,2:12:53,1:53:02,295,1552.4,Hike,2016-12-26T08:34:26,0
771,1.071,4,,,5805.8,1:47:11,1:30:23,322,1794.4,Hike,2016-12-25T08:19:10,0
772,1.162,15.9,,,9112.8,3:28:54,2:10:39,679,2114.8,Hike,2016-12-24T11:50:36,0
773,1.013,3.4,,,8210.7,2:59:58,2:15:03,757,1612.4,Hike,2016-12-24T07:48:27,0
777,2.937,4.5,149.5,170,6461.7,0:39:28,0:36:40,51,124.6,Run,2016-12-14T19:00:01,0
778,3.044,3.8,131.6,142,2544.7,0:15:00,0:13:56,8,131.8,Run,2016-12-14T18:24:11,0
779,2.19,5.8,,,4977.6,0:44:04,0:37:53,442,917.8,Run,2016-12-11T09:51:44,1
780,1.689,4.6,,,15442.5,2:56:17,2:32:25,816,1104,Run,2016-12-10T10:30:41,1
781,3.258,5.1,,,9742.4,0:58:20,0:49:50,52,102.2,Run,2016-12-08T13:55:32,4
782,2.353,3.5,,,6869.1,0:56:30,0:48:39,253,127,Run,2016-12-07T19:07:39,5
783,2.635,4.9,,,9006.1,1:17:18,0:56:58,108,130.6,Run,2016-11-30T18:38:05,4
784,1.119,2.7,,,832.6,0:16:18,0:12:24,1,92,Run,2016-11-29T17:52:06,0
785,3.272,17.5,,,10799.6,0:58:53,0:55:01,47,75.2,Run,2016-11-28T12:04:16,3
786,3.073,4.9,,,12414.4,1:14:01,1:07:20,310,104.4,Run,2016-11-27T11:10:24,1
787,2.532,4.8,,,2711.6,0:18:44,0:17:51,27,105,Run,2016-11-26T11:29:47,0
788,3.222,4,,,3528.6,0:19:55,0:18:15,11,105,Run,2016-11-26T10:59:04,0
791,1.944,3.3,,,1944.2,0:17:41,0:16:40,6,107.4,Run,2016-11-24T17:33:02,0
793,3.222,6.6,,,3521.7,0:18:42,0:18:13,15,113.4,Run,2016-11-23T19:34:07,0
794,2.896,3.8,,,1514.7,0:15:33,0:08:43,0,79.4,Run,2016-11-23T19:07:14,0
795,3.018,4.1,,,9282.3,0:52:07,0:51:16,36,101.4,Run,2016-11-22T13:44:38,3
796,3.281,5.1,,,5095.3,0:31:25,0:25:53,37,130.2,Run,2016-11-21T18:34:11,1
797,2.962,3.6,,,9664.7,0:54:51,0:54:23,76,235.8,Run,2016-11-20T11:43:26,0
798,3.042,3.3,,,839.5,0:05:01,0:04:36,2,208.4,Run,2016-11-19T10:45:37,0
799,3.921,5.6,,,5014.8,0:21:19,0:21:19,42,242.2,Run,2016-11-19T10:10:15,1
800,2.914,4.3,,,3560.7,0:22:14,0:20:22,21,120.6,Run,2016-11-19T09:31:31,0
801,2.082,3.3,,,5655.6,0:56:52,0:45:17,179,101.8,Run,2016-11-16T19:02:28,2
802,0.848,2.3,,,7791.9,4:15:16,2:33:04,710,1452.4,Hike,2016-11-11T09:43:52,0
803,2.537,4,111.6,153,5409.8,0:35:38,0:35:32,219,128.6,Run,2016-11-09T19:15:43,3
805,2.411,6,,,2317.4,0:16:01,0:16:01,0,115.2,Run,2016-11-08T17:36:34,1
807,2.949,3.8,131.1,143,5266.1,0:30:20,0:29:46,53,222.8,Run,2016-11-06T09:04:09,1
808,3.307,4.9,142.3,165,12265.2,1:05:25,1:01:49,81,172.8,Run,2016-11-05T14:20:13,0
810,1.433,5.5,,,2327.1,1:11:02,0:27:04,0,116,Run,2016-11-03T17:35:13,2
812,2.621,3.9,,,4313.8,0:32:42,0:27:26,87,168.2,Run,2016-11-02T19:01:06,1
813,3.139,3.8,,,5882.2,0:55:19,0:31:14,31,115.6,Run,2016-11-01T12:09:27,3
814,2.224,2.6,,,121660,15:11:31,15:11:31,7090.2,1931.4,Run,2016-11-01T00:00:00,0
817,3.187,3.9,,,7033,0:38:22,0:36:47,25,93.6,Run,2016-10-30T14:25:30,3
818,3.201,4.2,,,8383.7,0:46:30,0:43:39,33,97,Run,2016-10-30T13:36:02,3
819,0,0,,,0,1:00:00,1:00:00,0,,RockClimbing,2016-10-29T15:20:00,1
820,0,0,,,0,1:15:00,1:15:00,0,,Yoga,2016-10-28T15:20:00,0
821,3.35,4.4,149.3,162,12925.6,1:06:31,1:04:18,50,103,Run,2016-10-28T10:11:46,5
823,2.856,4.8,130.9,167,7290.2,0:53:12,0:42:33,32,105.8,Run,2016-10-26T19:12:06,5
824,0,0,,,0,1:15:00,1:15:00,0,,Yoga,2016-10-26T15:20:00,0
828,1.843,4.4,,,2678.4,1:08:34,0:24:13,1,104,Run,2016-10-25T17:33:33,2
830,0,0,,,0,1:30:00,1:30:00,0,,WeightTraining,2016-10-25T15:20:00,0
831,2.938,4.2,,,6089.9,1:02:52,0:34:33,20,101.6,Run,2016-10-24T17:17:12,3
832,2.989,4,,,8260.3,0:54:46,0:46:04,32,101.8,Run,2016-10-23T07:56:21,3
833,3.001,3.7,136.5,156,8604.4,0:59:33,0:47:47,29,77.6,Run,2016-10-22T10:04:46,2
834,3.224,4.2,,,5316.9,0:28:13,0:27:29,5,99.2,Run,2016-10-19T19:40:48,3
835,1.992,4.9,166.5,177,3745.3,0:31:20,0:31:20,502,888.2,Run,2016-10-16T10:56:45,3
836,2.915,3.6,118.3,140,1201,0:17:33,0:06:52,22,379.2,Run,2016-10-16T10:27:56,1
837,2.338,3.8,,,2987.8,1:05:15,0:21:18,476,1199.6,Run,2016-10-15T10:00:33,0
838,3.151,4.5,,,1175.5,0:06:58,0:06:13,11,968.8,Run,2016-10-14T15:10:09,0
839,2.597,4.8,,,2825.6,0:18:08,0:18:08,261,991.8,Run,2016-10-14T14:49:52,0
840,2.333,3,,,191.3,0:02:49,0:01:22,3,714,Run,2016-10-14T14:44:25,0
841,2.114,3.1,135.5,146,319.2,0:02:31,0:02:31,0,973.6,Run,2016-10-13T18:03:54,0
842,2.197,3.6,170.1,181,1950.5,0:14:48,0:14:48,247,997.2,Run,2016-10-13T17:48:20,0
843,3.07,4.2,118.3,131,1848,0:10:32,0:10:02,0,957.8,Run,2016-10-13T17:33:42,0
844,2.897,5.1,,,9073.8,1:04:53,0:52:12,141,100.4,Run,2016-10-12T18:40:39,0
845,0.853,4.6,,,4093,1:19:59,1:19:59,0,83.4,Run,2016-10-11T17:35:13,0
848,2.768,7.4,,,653.2,0:04:27,0:03:56,19,115.4,Run,2016-10-09T11:37:15,0
850,3.268,10.3,,,5193.1,0:27:23,0:26:29,40,111,Run,2016-10-09T09:45:06,0
852,2.613,6.8,152.4,180,26476.9,3:01:31,2:48:54,90,109.6,Run,2016-10-08T12:18:32,0
853,3.306,5.4,140.8,157,13342.2,1:22:01,1:07:16,48,92.8,Run,2016-10-06T16:41:36,6
855,1.382,4.5,135.9,172,3462.4,0:41:46,0:41:46,0,9.8,Run,2016-10-04T18:03:35,2
856,2.804,4.3,123.2,133,2007.7,0:11:56,0:11:56,0,12.8,Run,2016-10-04T17:33:57,1
859,0.704,4.1,132.4,160,1994.3,0:47:13,0:47:13,0,96.2,Run,2016-09-29T18:02:24,0
860,2.899,3.6,128.1,142,2345.6,0:13:33,0:13:29,29,101.2,Run,2016-09-29T17:45:20,0
863,2.089,2.9,,,165,0:02:47,0:01:19,5,88.6,Run,2016-09-25T12:22:10,1
864,2.514,4.2,,,7388.4,0:54:09,0:48:59,39,105.2,Run,2016-09-25T10:54:36,1
865,2.875,3.5,129.6,137,1374.4,0:09:05,0:07:58,6,96.6,Run,2016-09-24T10:54:14,1
866,3.544,5.6,171.7,179,7865,0:37:38,0:36:59,27,98,Run,2016-09-24T10:07:58,1
867,3.059,4.1,128.6,145,2000.7,0:17:23,0:10:54,6,52.6,Run,2016-09-24T09:40:59,1
868,3.161,4.3,,,6530.1,0:40:20,0:34:26,106,137.8,Run,2016-09-23T10:33:13,0
869,3.359,6,,,8058.2,0:41:36,0:39:59,112,128.6,Run,2016-09-22T17:23:49,0
870,2.985,4.7,,,9838.7,0:56:05,0:54:56,143,139.4,Run,2016-09-21T13:38:52,0
871,2.683,4.9,,,1212.7,0:07:40,0:07:32,49,268.6,Run,2016-09-18T09:57:24,0
872,2.956,3.4,,,416.8,0:04:08,0:02:21,0,239.4,Run,2016-09-18T09:45:47,0
873,2.188,2.7,,,91.9,0:00:46,0:00:42,0,278.4,Run,2016-09-18T09:38:40,0
874,1.91,4.3,,,4262.3,0:38:19,0:37:11,139,328.4,Run,2016-09-16T16:51:22,0
875,0.692,1.5,,,775,0:26:57,0:18:40,0,,Swim,2016-09-15T13:02:47,1
876,2.836,3.7,,,3329.1,0:23:30,0:19:34,3,96,Run,2016-09-14T11:09:45,2
877,2.837,4.5,,,4003.5,0:32:15,0:23:31,23,98.4,Run,2016-09-14T10:34:28,1
878,2.945,3.5,,,1987.6,0:11:27,0:11:15,4,89.6,Run,2016-09-14T10:19:22,1
879,3.563,4.9,,,13698.2,1:13:31,1:04:05,53,101.2,Run,2016-09-13T17:54:03,5
880,3.015,3.8,,,2734.2,0:16:15,0:15:07,13,113.4,Run,2016-09-12T21:18:40,1
881,2.997,4,,,5301.1,0:33:16,0:29:29,6,112.6,Run,2016-09-12T20:25:15,3
882,2.264,4.3,,,4470.9,0:36:22,0:32:55,130,309.4,Run,2016-09-10T14:11:06,2
883,2.188,3.9,,,5178.3,0:44:05,0:39:27,152,302.8,Run,2016-09-10T11:14:37,1
884,2.969,3.5,,,1362.6,0:08:05,0:07:39,11,296.6,Run,2016-09-10T11:00:46,0
885,3.253,4.3,,,10124.4,1:00:10,0:51:52,36,106.6,Run,2016-09-09T17:53:18,2
886,3.347,4.6,,,4170.1,0:20:46,0:20:46,10,86.6,Run,2016-09-07T19:17:49,0
889,2.43,4.8,,,6177.6,0:43:22,0:42:22,147,982,Run,2016-09-04T12:48:51,2
890,2.614,3.7,,,2161.8,0:30:50,0:13:47,28,888.6,Run,2016-09-04T12:13:17,1
891,2.147,5.4,,,9913.9,1:23:36,1:16:57,295,982.6,Run,2016-09-03T12:57:44,0
892,2.702,3.3,,,1253.9,0:07:47,0:07:44,8,897.4,Run,2016-09-03T12:39:00,0
895,2.781,3.6,109.7,169,759.3,0:07:13,0:04:33,2,625.4,Run,2016-08-30T16:00:17,0
896,2.405,5.7,133.1,172,4576.4,0:32:13,0:31:43,342,989,Run,2016-08-30T15:23:01,0
897,3.214,4.1,127,139,1192.5,0:11:18,0:06:11,7,626.8,Run,2016-08-30T15:04:12,0
898,2.127,4.8,120.3,151,1695.4,0:57:03,0:13:17,234,1001.8,Run,2016-08-30T14:06:07,0
899,3.36,5.5,,,4311,0:32:29,0:21:23,47,1243.4,Run,2016-08-29T11:22:50,0
900,2.963,3.6,124,129,340.7,0:02:04,0:01:55,0,595.6,Run,2016-08-28T19:26:27,0
901,1.893,3.9,114.5,132,969.4,0:18:55,0:08:32,0,1023,Run,2016-08-28T18:46:34,0
902,1.932,4.7,165.2,173,3513.8,0:30:19,0:30:19,437,1024.4,Run,2016-08-28T18:02:12,0
903,2.044,4.7,,,6752.5,0:59:55,0:55:03,211,426.2,Run,2016-08-27T09:59:02,0
905,3.084,4.9,148.6,176,6756.2,0:38:28,0:36:31,171,124,Run,2016-08-26T12:06:42,1
907,2.202,3.6,117.6,136,7086.2,0:54:29,0:53:38,60,110.8,Run,2016-08-25T11:42:42,2
908,3.629,5.2,149.3,177,15579.2,1:18:14,1:11:33,53,113.6,Run,2016-08-24T17:52:14,4
911,3.227,4.1,137,160,7854,0:42:34,0:40:34,27,111.8,Run,2016-08-22T19:56:48,2
912,3.687,6,90,92,5272.4,0:23:58,0:23:50,0,1425,Run,2016-08-19T09:07:19,0
913,1.046,6.3,123.3,166,4654.6,1:37:56,1:14:12,22,2505.8,Run,2016-08-19T07:11:54,0
914,1.253,4.6,160.6,207,5895.9,1:18:24,1:13:28,940,2476,Run,2016-08-19T05:47:26,0
915,2.728,3.4,153.9,162,1661.5,0:10:12,0:10:09,87,1391.2,Run,2016-08-19T05:16:45,0
916,2.796,4.7,112.8,141,4179.8,1:01:01,0:24:55,2,1076,Run,2016-08-17T14:19:33,3
917,2.101,5.4,168.6,178,4947.9,0:39:15,0:39:15,0,1165.8,Run,2016-08-17T13:20:32,3
918,1.793,3.6,104,129,936.2,0:13:44,0:08:42,34,584,Run,2016-08-17T12:57:58,0
919,3.276,5,,,5632,0:39:19,0:28:39,1,1271.6,Run,2016-08-16T19:10:50,2
920,2.329,3.8,,,3903.4,0:59:29,0:27:56,303,1302,Run,2016-08-16T17:42:25,1
921,1.978,5.2,,,7171,1:00:26,0:55:41,306,131.2,Run,2016-08-14T11:12:00,2
922,3.044,3.6,,,1683.1,0:14:23,0:09:13,11,107.8,Run,2016-08-14T10:48:26,1
923,2.387,4.7,,,7037.1,0:49:08,0:46:23,202,166.8,Run,2016-08-13T11:11:59,0
924,2.663,4.4,,,1302.1,0:10:36,0:08:09,10,153,Run,2016-08-13T10:54:20,0
926,3.583,6.3,147.3,176,9791.3,0:54:35,0:45:33,22,96.8,Run,2016-08-11T11:52:38,3
927,3.137,5.2,127.6,149,7575.6,0:51:48,0:40:15,32,106.6,Run,2016-08-10T16:58:59,1
928,2.558,5.3,149.9,172,52111.2,5:39:33,5:39:28,2120,1203.6,Run,2016-08-06T04:02:33,7
929,3.424,5.8,142.3,170,9303.3,0:53:20,0:45:17,27,105.2,Run,2016-08-04T19:05:58,2
930,3.186,5.5,143,177,13091.2,1:29:43,1:08:29,42,96,Run,2016-08-03T11:27:51,2
931,3.383,5.6,137.9,161,11425.6,1:09:43,0:56:17,42,557,Run,2016-08-01T11:29:10,0
932,1.403,2.8,,,1842.4,0:25:59,0:21:53,278,1639.6,Run,2016-07-30T15:43:56,0
933,3.535,5.5,,,5744.5,0:27:05,0:27:05,18,1244.2,Run,2016-07-29T10:29:56,0
934,1.465,3.5,,,4564.9,0:51:59,0:51:56,681,1714.4,Run,2016-07-29T08:10:41,1
935,3.085,3.5,,,1341.9,0:08:01,0:07:15,7,554,Run,2016-07-28T16:01:38,0
936,2.368,7.1,,,7931.4,0:55:50,0:55:38,672,1240.8,Run,2016-07-28T15:05:16,3
937,2.9,3.9,,,2267.7,0:14:45,0:13:02,44,569,Run,2016-07-28T14:43:07,0
938,1.758,4.2,,,7916.5,1:39:21,1:15:02,610,913.4,Run,2016-07-27T19:27:18,2
939,3.525,4.6,150.1,164,15526.4,1:15:05,1:13:25,47,110,Run,2016-07-26T19:18:11,2
940,3.108,3.8,130,151,8134.9,0:51:32,0:43:37,31,91.6,Run,2016-07-25T18:33:33,3
941,3.47,5.5,148.1,176,14679.2,1:23:31,1:10:30,35,116,Run,2016-07-24T19:53:27,2
942,3.369,5.5,150.7,175,17752.8,1:40:59,1:27:49,55,98,Run,2016-07-23T11:36:00,1
943,2.892,4.5,136.8,174,9959.6,1:06:52,0:57:24,141,123.6,Run,2016-07-22T18:59:41,1
945,3.282,6.2,144.5,180,9816.7,1:02:55,0:49:51,36,104,Run,2016-07-21T13:14:06,0
947,3.06,3.8,135.4,144,3105.7,0:17:01,0:16:55,17,92,Run,2016-07-20T13:39:52,0
948,3.865,5.8,162.3,185,3493.6,0:15:10,0:15:04,5,86,Run,2016-07-20T13:06:23,0
949,3.065,3.9,126.2,147,3291.6,0:24:51,0:17:54,9,100.2,Run,2016-07-20T12:38:20,0
950,3.283,4.4,141.5,165,12936.6,1:16:27,1:05:40,46,100,Run,2016-07-19T12:08:40,1
954,2.139,3.9,133.3,172,7379.1,1:08:24,0:57:30,341,1265,Run,2016-07-17T10:39:49,1
955,2.396,2.9,,,2551.8,0:18:16,0:17:45,60,999.8,Run,2016-07-17T07:35:24,0
956,2.665,7.6,128.6,170,6892.4,0:52:07,0:43:06,84,959.2,Run,2016-07-16T16:37:01,2
957,2.365,4,122,157,6244.5,1:11:19,0:44:00,124,964.6,Run,2016-07-16T10:35:54,1
958,2.26,2.9,,,2533.8,0:18:58,0:18:41,63,1015.8,Run,2016-07-16T07:33:42,0
959,0.913,0,,,23000,7:00:00,7:00:00,0,,Hike,2016-07-15T10:00:00,0
960,2.426,3.8,,,2508.3,0:17:32,0:17:14,64,999.8,Run,2016-07-15T07:34:43,0
961,2.681,6.6,,,5268.3,0:50:50,0:32:45,44,967.4,Run,2016-07-14T16:44:06,0
962,2.087,3.4,,,8592.7,1:17:35,1:08:37,279,1179.4,Run,2016-07-14T10:42:00,2
963,2.263,2.9,,,2528.3,0:18:37,0:18:37,63,998,Run,2016-07-14T07:32:03,0
964,2.161,4,121.9,151,13759.2,1:58:10,1:46:06,560,1321.6,Run,2016-07-13T16:02:57,2
965,2.072,5.6,,,770.6,0:06:12,0:06:12,0,958,Run,2016-07-13T10:38:55,0
966,2.25,2.9,,,2538.5,0:18:48,0:18:48,62,996.2,Run,2016-07-13T07:33:49,1
968,2.779,6.4,128.6,168,6308,1:35:14,0:37:50,96,984.4,Run,2016-07-12T16:07:42,1
969,2.362,3.9,,,1074.7,0:08:18,0:07:35,18,965.8,Run,2016-07-12T12:19:03,0
970,1.592,3.2,,,1363.1,0:47:58,0:14:16,21,952,Run,2016-07-12T11:13:22,0
971,3.718,5.9,,,397.8,0:01:47,0:01:47,2,944.4,Run,2016-07-12T10:35:57,0
972,2.008,3.7,,,3714,0:43:19,0:30:50,59,959,Run,2016-07-12T09:48:32,1
973,2.212,2.8,111.5,135,2541.4,0:19:09,0:19:09,57,1003.4,Run,2016-07-12T07:31:28,0
974,3.241,4.8,,,2369.2,0:12:11,0:12:11,48,978.8,Run,2016-07-11T15:58:59,1
975,0.986,6.1,,,16001.2,6:16:16,4:30:22,1117.2,1953.2,Hike,2016-07-11T09:37:54,1
976,2.233,2.8,117,142,2554.5,0:19:12,0:19:04,61,1002.2,Run,2016-07-11T07:30:37,0
977,1.218,5.3,,,8020.9,2:29:24,1:49:44,367,1282,Run,2016-07-10T15:09:51,0
978,2.316,4.4,,,8348.3,1:19:59,1:00:05,146,970.4,Run,2016-07-10T10:37:12,0
979,2.045,2.4,,,1879.8,0:20:12,0:15:19,33,960.8,Run,2016-07-10T07:35:06,0
980,1.821,6.1,,,9718.9,1:34:17,1:28:58,634.2,1249,Run,2016-07-09T07:16:49,0
983,2.912,3.9,120.7,137,2777.9,0:25:13,0:15:54,16,101.6,Run,2016-07-05T18:31:45,0
984,3.109,5.1,144.7,158,4377.7,0:25:31,0:23:28,31.8,111.9,Run,2016-07-05T18:31:29,0
985,0.085,0.7,110,126,85.6,0:17:16,0:16:51,0,96.5,Run,2016-07-05T18:01:38,0
986,2.963,3.8,122,144,3259.2,0:19:16,0:18:20,5,98.6,Run,2016-07-05T17:33:06,0
987,3.403,7.5,150.1,187,10059.3,1:06:42,0:49:16,16.5,112,Run,2016-07-04T14:58:44,0
988,1.787,6.8,163,177,1038.2,0:09:45,0:09:41,135,935.4,Run,2016-07-04T13:00:01,2
989,0.675,2.7,114.6,134,534,0:24:12,0:13:11,114,929.2,Run,2016-07-04T12:13:02,0
990,1.961,2.6,118.1,133,1919.8,0:19:01,0:16:19,31,797.6,Run,2016-07-03T20:40:59,1
991,2.687,6.2,169.3,177,11477.9,1:11:11,1:11:11,818,1602.6,Run,2016-07-03T19:16:06,5
992,3.353,6.3,145.3,192,15844.5,1:25:42,1:18:46,69.2,117.9,Run,2016-07-03T12:12:01,0
993,3.224,5.1,143.2,157,8405.7,0:52:39,0:43:27,24.6,111.8,Run,2016-07-02T19:28:41,0
994,2.654,4.5,,,4955.7,0:31:07,0:31:07,53,1043.4,Run,2016-07-02T09:15:32,1
995,2.76,3.4,,,551.9,0:03:20,0:03:20,0,1122.6,Run,2016-07-02T07:04:17,0
996,2.902,5.2,178,189,3006.8,0:17:16,0:17:16,257,713.6,Run,2016-07-01T19:33:07,4
997,3.182,6.3,136.3,163,8326.5,0:51:50,0:43:37,24.6,111.9,Run,2016-07-01T19:31:32,0
998,3.021,4.4,118.6,137,2251,0:14:53,0:12:25,0,607.8,Run,2016-07-01T19:11:28,1
999,0.931,1.9,102,102,1275.6,6:01:30,0:22:50,158,607.6,Run,2016-07-01T13:09:33,1
1000,1.823,3.3,,,5641.4,1:16:29,0:51:35,248,928.8,Run,2016-06-30T19:17:09,1
1001,2.967,4.9,,,6649.7,1:03:43,0:37:21,14,111.9,Run,2016-06-29T17:14:48,0
1002,2.189,7.5,,,47120.3,5:58:47,5:45:36,2775.1,2412.7,Run,2016-06-25T08:00:00,4
1003,2.734,4.7,,,4300.4,0:35:30,0:26:13,111,1189.1,Run,2016-06-23T09:56:58,1
1004,0,0,,,0,,,0,,Run,2016-06-22T07:15:19,0
1005,3.224,6.8,,,9687.4,1:10:52,0:50:05,14.7,112,Run,2016-06-21T13:29:22,0
1006,2.681,8.6,,,19932.3,2:13:20,2:03:56,707.7,104.2,Run,2016-06-19T07:56:08,0
1007,2.314,5.9,,,12406.2,1:33:37,1:29:21,445.5,96.5,Run,2016-06-18T22:59:57,0
1008,2.424,4.1,,,2174.2,0:21:58,0:14:57,74,58.2,Run,2016-06-18T22:29:35,0
1009,2.631,7.6,,,8847,1:01:00,0:56:02,284.1,95.5,Run,2016-06-18T14:00:04,0
1010,2.308,5.4,,,2552.9,0:26:58,0:18:26,72.2,58.6,Run,2016-06-18T13:26:41,0
1011,3.572,7.3,155.4,185,8386,0:40:51,0:39:08,14.5,110,Run,2016-06-16T12:07:18,0
1012,3.277,8,142.3,175,5777.8,0:32:45,0:29:23,14.4,109.9,Run,2016-06-15T12:33:22,1
1013,3.29,4.5,137,171,2802.7,0:14:44,0:14:12,0,111.9,Run,2016-06-15T12:10:44,0
1014,3.48,8.8,142.3,169,10301.3,0:57:05,0:49:20,16.6,112,Run,2016-06-14T12:19:36,1
1015,3.658,5.3,,,2992.3,0:13:41,0:13:38,0,105,Run,2016-06-13T19:06:58,0
1016,3.302,6.4,,,11656.4,1:30:09,0:58:50,15.1,111.9,Run,2016-06-12T20:03:58,1
1017,3.104,0,,,13970,1:15:00,1:15:00,0,,Run,2016-06-11T12:00:00,1
1018,0.354,0,,,850,0:40:00,0:40:00,0,,Swim,2016-06-10T16:00:00,1
1019,1.745,19.1,,,8193.4,1:29:00,1:18:15,10.3,112,Run,2016-06-09T19:28:19,0
1020,3.572,5.4,,,3550.2,0:16:44,0:16:34,0,105,Run,2016-06-09T19:05:55,0
1021,3.555,6.5,,,14307.5,1:11:25,1:07:05,68.9,117.9,Run,2016-06-08T12:06:44,1
1022,3.056,4.7,,,10264,1:07:34,0:55:59,14.6,111.9,Run,2016-06-07T18:29:29,0
1023,2.191,3.4,,,1034.1,0:11:17,0:07:52,0,111.6,Run,2016-06-05T14:12:09,0
1024,0.806,0,,,3700,1:16:30,1:16:30,0,,Run,2016-06-05T14:00:00,0
1025,2.39,5.7,,,3085.4,0:32:48,0:21:31,0,112.7,Run,2016-06-05T13:11:08,0
1026,3.825,7,,,3645.4,0:16:54,0:15:53,0,215.3,Run,2016-06-04T15:24:01,0
1027,2.859,5.3,,,3334.1,0:29:49,0:19:26,0,215.1,Run,2016-06-04T14:50:51,0
1028,3.031,8.8,131.3,161,8822.7,1:08:28,0:48:31,14.7,111.8,Run,2016-06-02T12:23:34,0
1029,3.447,9,140.3,177,9383.5,1:10:54,0:45:22,16.5,111.9,Run,2016-06-01T11:56:21,1
1030,2.857,6,,,10178.4,1:00:16,0:59:23,14.2,112.1,Run,2016-05-31T18:58:55,0
1031,2.162,5.6,157,172,10583.7,1:30:08,1:21:35,395.8,536.3,Run,2016-05-29T12:58:00,1
1032,2.128,5.5,122.6,142,2262.5,0:26:48,0:17:43,59.2,407.3,Run,2016-05-29T12:21:46,0
1033,2.005,6.1,156.3,177,5121.5,0:42:35,0:38:41,82.8,515.5,Run,2016-05-28T15:37:03,2
1034,1.585,3.8,121.1,136,770.3,0:09:08,0:08:06,64.9,515.2,Run,2016-05-28T15:00:56,0
1035,1.667,0,,,6000,1:00:00,1:00:00,0,,Run,2016-05-27T16:30:00,0
1036,2.893,3.7,130.4,152,2013.7,0:11:53,0:11:36,36.2,782.3,Run,2016-05-27T12:57:40,0
1037,1.991,5.2,141.1,170,12594.8,1:49:11,1:45:26,349.1,847.6,Run,2016-05-27T10:52:43,0
1038,2.089,4.8,,,8221.5,1:09:53,1:05:35,221,782.9,Run,2016-05-26T21:20:05,0
1039,1.918,3.7,,,5757.2,0:56:52,0:50:01,258.5,644.4,Run,2016-05-26T11:28:01,0
1040,3.271,4.7,138.7,153,8545,1:04:13,0:43:32,10.7,111.9,Run,2016-05-25T13:39:57,0
1041,3.196,4.9,146.1,176,9543.5,0:58:49,0:49:46,14.6,111.9,Run,2016-05-24T13:54:35,0
1042,2.688,8,,,13004.5,1:21:39,1:20:38,698.9,1328.4,Run,2016-05-23T05:27:35,5
1043,2.531,5.8,,,7622,0:51:05,0:50:11,47.1,1295.5,Run,2016-05-22T18:58:03,1
1044,1.042,0,,,15000,4:00:00,4:00:00,0,,Run,2016-05-21T10:00:00,0
1045,2.982,8,,,10859.5,1:24:08,1:00:42,294.1,1011.3,Run,2016-05-20T19:25:27,0
1046,0.909,0,,,18000,5:30:00,5:30:00,0,,Hike,2016-05-20T09:00:00,0
1047,3.154,6.9,,,6054.8,0:33:37,0:32:00,221.8,963.3,Run,2016-05-19T19:29:55,2
1048,1.049,0,,,17000,4:30:00,4:30:00,0,,Hike,2016-05-19T09:00:00,0
1049,3.682,7.1,,,4907.7,0:22:59,0:22:13,0,116,Run,2016-05-18T19:32:50,0
1050,3.298,4.7,,,1332.3,0:06:44,0:06:44,0,113.5,Run,2016-05-18T19:19:15,0
1051,3.273,7.5,,,9997.7,1:00:56,0:50:55,16.5,112,Run,2016-05-17T13:49:04,2
1052,3.254,4.4,140.8,153,3440,0:18:25,0:17:37,0,105,Run,2016-05-16T19:04:36,1
1053,2.898,5.5,,,5764.7,0:37:08,0:33:09,13.7,114.3,Run,2016-05-15T14:32:54,1
1054,3.42,6.6,,,3687,0:18:48,0:17:58,0,111,Run,2016-05-14T13:05:16,0
1055,0.61,3.8,,,633,0:17:32,0:17:17,0,109.6,Run,2016-05-14T12:56:34,0
1056,5.669,16.2,,,40184.4,3:20:31,1:58:08,247.9,224.9,Run,2016-05-13T12:02:02,0
1057,3.153,6.4,,,6719.8,0:41:38,0:35:31,55.2,147.3,Run,2016-05-12T12:37:36,0
1058,0,0,,,0,1:00:00,1:00:00,0,,WeightTraining,2016-05-11T19:30:00,0
1059,3.172,7,,,12126.1,1:06:06,1:03:43,114.8,147.1,Run,2016-05-11T11:49:12,1
1060,3.002,5.9,,,9184.6,0:54:16,0:51:00,97.4,147.9,Run,2016-05-10T13:58:15,2
1062,3.207,6.6,,,8549.4,1:12:45,0:44:26,0,216,Run,2016-05-08T10:55:46,1
1063,3.237,20.6,,,6060.4,0:44:23,0:31:12,37.2,99,Run,2016-05-07T11:40:21,1
1064,3.389,6.4,,,13972.3,1:10:43,1:08:43,78.7,117.9,Run,2016-05-06T17:55:29,1
1065,3.169,7.2,,,7025.6,0:48:01,0:36:57,0,105,Run,2016-05-05T19:08:24,1
1066,3.391,6.2,,,16730.9,1:24:40,1:22:14,68.5,122.3,Run,2016-05-04T12:26:01,2
1067,3.254,9.7,,,8444.9,1:01:48,0:43:15,14.7,111.9,Run,2016-05-03T12:31:46,0
1068,2.671,7,,,3762.8,0:24:31,0:23:29,74.9,231.2,Run,2016-05-02T10:58:27,0
1069,3.018,4.2,,,1337,0:07:29,0:07:23,0,188,Run,2016-05-02T10:21:27,0
1070,3.143,6.6,,,2929,0:20:26,0:15:32,0,124.9,Run,2016-05-01T11:44:50,0
1071,2.29,6.1,,,8067,1:07:46,0:58:43,222.7,342.6,Run,2016-04-30T16:42:38,0
1072,1.5,5.9,,,1009.6,0:16:39,0:11:13,37.7,242.2,Run,2016-04-30T16:15:53,0
1073,3.258,6.8,146.4,168,7946.2,0:49:16,0:40:39,14.6,111.8,Run,2016-04-29T13:11:37,0
1074,2.65,6.5,,,9695.3,1:02:54,1:00:58,28.9,97.3,Run,2016-04-28T11:15:43,0
1075,3.344,7.6,,,10665.4,0:57:08,0:53:09,26.3,113.1,Run,2016-04-27T11:30:52,2
1077,3.424,7.6,,,9443.5,1:07:25,0:45:58,0,87.8,Run,2016-04-26T13:14:33,1
1079,2.758,8,,,43376.5,4:32:32,4:22:07,1956.9,1251.8,Run,2016-04-23T09:00:21,0
1080,2.608,5.2,,,4071.6,0:26:41,0:26:01,17.7,119,Run,2016-04-21T18:26:22,0
1081,3.425,9.9,147.6,179,6870.3,0:37:37,0:33:26,14.1,109.6,Run,2016-04-21T13:37:03,0
1082,4.308,8.8,185.9,217,6500.7,0:25:34,0:25:09,10.1,123.3,Run,2016-04-20T19:06:30,0
1083,2.942,6.5,168.5,199,2188.7,0:13:38,0:12:24,0,116.1,Run,2016-04-20T18:47:20,0
1084,3.204,5.4,147.8,188,8036.8,0:45:40,0:41:48,26.1,111.9,Run,2016-04-19T19:16:16,0
1085,3.18,6.6,,,4057.4,0:22:56,0:21:16,32.3,209.6,Run,2016-04-16T18:03:29,0
1086,2.749,7.3,,,5186.5,0:32:25,0:31:27,106.8,1216.7,Run,2016-04-15T07:44:13,0
1087,2.39,8.7,,,10535.9,1:46:16,1:13:29,608.5,1765.4,Run,2016-04-14T12:42:23,0
1088,3.172,6.9,,,8069.6,0:44:44,0:42:24,310.5,1500.2,Run,2016-04-13T17:44:12,0
1089,2.856,4.2,,,10241.3,1:07:32,0:59:46,180.5,1542.2,Run,2016-04-13T11:03:39,0
1090,1.592,5,,,11625.1,2:36:41,2:01:40,716.2,1848,Run,2016-04-12T11:24:33,0
1091,2.285,8.5,,,4789.4,0:42:32,0:34:56,59.3,67.5,Run,2016-04-09T08:26:57,0
1092,3.362,6.5,,,15796.5,1:20:59,1:18:19,71.1,120.7,Run,2016-04-05T12:48:32,0
1093,3.564,8.8,157.3,183,9907,0:48:04,0:46:20,26.1,112.8,Run,2016-04-04T12:43:43,0
1094,3.037,9.2,,,5475.7,0:30:29,0:30:03,298.6,1008.3,Run,2016-04-01T11:19:23,1
1095,1.465,6.1,,,666.4,0:08:33,0:07:35,92.4,850.5,Run,2016-04-01T10:54:46,0
1096,2.543,4.3,,,3308.4,0:26:55,0:21:41,134.9,1073.5,Run,2016-03-31T17:03:18,0
1097,1.502,3.6,,,1318.9,0:19:18,0:14:38,129.6,903.8,Run,2016-03-31T12:42:00,0
1098,3.193,18.8,,,9134.4,0:48:47,0:47:41,427.1,702.9,Run,2016-03-30T12:25:50,3
1099,2.368,4.9,121.9,165,2162.3,0:20:55,0:15:13,47.8,326,Run,2016-03-30T11:49:05,0
1100,1.941,5.8,,,6853.3,1:40:31,0:58:50,262,748.5,Run,2016-03-29T17:39:58,0
1101,3.484,5.9,147.9,182,16195.2,1:30:04,1:17:29,70.7,120.7,Run,2016-03-28T13:21:39,0
1102,3.502,8.1,,,8529.7,1:02:48,0:40:36,16.3,111.8,Run,2016-03-26T13:01:07,0
1103,3.139,5.6,,,20931.2,1:58:38,1:51:09,47.6,120,Run,2016-03-24T12:11:38,0
1104,3.138,5,,,9635.7,0:52:49,0:51:11,31.3,117.4,Run,2016-03-23T12:22:01,0
1105,2.977,10.7,,,9628.4,1:14:59,0:53:54,14.6,111.9,Run,2016-03-22T12:02:52,0
1106,3.277,6.5,,,21552.8,1:56:34,1:49:37,92.8,129.9,Run,2016-03-20T08:42:17,0
1107,2.68,4.4,,,3057.9,0:19:51,0:19:01,0,110.5,Run,2016-03-19T11:45:38,0
1108,3.829,7.5,,,9362.9,0:40:55,0:40:45,0,110.6,Run,2016-03-19T11:00:34,0
1109,3.212,4.9,,,6401.3,0:34:42,0:33:13,78.2,147.8,Run,2016-03-15T12:30:09,0
1110,2.98,8.1,,,8932.3,0:54:19,0:49:57,73.9,147.7,Run,2016-03-14T13:49:50,0
1111,3.198,7.1,,,13813.6,1:12:28,1:12:00,121.4,144.3,Run,2016-03-13T10:01:13,0
1112,3.213,6.6,,,14016.4,1:16:15,1:12:42,66.5,117.9,Run,2016-03-11T17:11:28,0
1113,3.262,6.2,,,15536.6,1:21:53,1:19:23,78.5,117.8,Run,2016-03-09T12:51:24,0
1114,2.951,4.7,,,8288.2,0:52:17,0:46:49,38.8,117.8,Run,2016-03-08T20:02:57,0
1115,2.612,5,,,16494.3,1:48:18,1:45:16,98.5,148,Run,2016-03-06T11:10:30,0
1116,2.394,6.6,,,12677.1,1:31:05,1:28:16,11.1,92,Run,2016-03-05T11:10:45,0
1117,3.222,5.6,,,10896.1,1:07:59,0:56:22,25.9,111.8,Run,2016-03-04T12:00:49,0
1118,3.679,7.2,,,16433.1,1:21:25,1:14:27,56.8,120.7,Run,2016-02-03T07:33:56,0
1119,3.309,6.1,,,10985.9,1:03:22,0:55:20,14.7,112,Run,2016-02-02T14:28:05,0
1120,2.78,3.3,,,103247,10:18:55,10:18:55,6987.8,1646,Run,2010-01-01T01:00:00,0
